sector,node,2030,2040,2050,carrier
Agriculture,AT,0.6437819867533201,0.6437819867533201,0.6437819867533201,electricity
Agriculture,BE,0.673529657531505,0.673529657531505,0.673529657531505,electricity
Agriculture,BG,0.2411544187850093,0.2411544187850093,0.2411544187850093,electricity
Agriculture,CZ,0.7502833058403744,0.7502833058403744,0.7502833058403744,electricity
Agriculture,DE,7.172357267965594,7.172357267965594,7.172357267965594,electricity
Agriculture,DK,1.6216608790407239,1.6216608790407239,1.6216608790407239,electricity
Agriculture,EE,0.1582739809227144,0.1582739809227144,0.1582739809227144,electricity
Agriculture,ES,3.420127308684605,3.420127308684605,3.420127308684605,electricity
Agriculture,FI,1.2345608955841836,1.2345608955841836,1.2345608955841836,electricity
Agriculture,FR,6.929023969173455,6.929023969173455,6.929023969173455,electricity
Agriculture,GB,3.275242232061276,3.275242232061276,3.275242232061276,electricity
Agriculture,GR,2.1095715678171034,2.1095715678171034,2.1095715678171034,electricity
Agriculture,HU,0.6388627655962039,0.6388627655962039,0.6388627655962039,electricity
Agriculture,IE,0.470289962034891,0.470289962034891,0.470289962034891,electricity
Agriculture,IT,5.036294825580406,5.036294825580406,5.036294825580406,electricity
Agriculture,LT,0.1407059377828149,0.1407059377828149,0.1407059377828149,electricity
Agriculture,LV,0.1138001007639696,0.1138001007639696,0.1138001007639696,electricity
Agriculture,NL,6.003970234857895,6.003970234857895,6.003970234857895,electricity
Agriculture,PL,1.391160278924095,1.391160278924095,1.391160278924095,electricity
Agriculture,PT,0.8410934993614985,0.8410934993614985,0.8410934993614985,electricity
Agriculture,RO,0.6488875923973444,0.6488875923973444,0.6488875923973444,electricity
Agriculture,SE,0.9963078025020058,0.9963078025020058,0.9963078025020058,electricity
Agriculture,SK,0.252873044434499,0.252873044434499,0.252873044434499,electricity
Ammonia production,BG,1.8773484518799215e-05,1.5404495343624744e-06,0.5774101609566356,electricity
Ammonia production,DK,0.2812571172465024,0.1107266188767018,0.1358087229425225,electricity
Ammonia production,ES,13.819213585128546,9.034763772667965,6.85515782241168,electricity
Ammonia production,GB,0.25857081490451217,7.904385691670242,6.710551292650848,electricity
Ammonia production,GR,0.3207892222637759,0.2453409377006842,0.2496516187007116,electricity
Ammonia production,IE,0.0012697248606009,6.8555605798266045e-06,1.957878291399004,electricity
Ammonia production,IT,0.0399380368096535,0.01645964635567855,1.1907125284633726,electricity
Ammonia production,MK,1.4626876433034164e-05,1.7179682001463105e-06,0.8734521027482149,electricity
Ammonia production,PT,6.141531198901916,3.5661006807385105,2.283236976584898,electricity
Heat,AL,0.40762926439148933,0.6353219177382088,0.6668458279159388,electricity
Heat,AT,4.2234797297413476,7.664518575827978,18.155279707314047,electricity
Heat,BA,0.5971816105660439,1.0242670685867723,1.8285718924757144,electricity
Heat,BE,8.751746822250311,15.158646522777374,32.62164361848208,electricity
Heat,BG,2.7870099792159126,4.195685883156797,4.037624418067345,electricity
Heat,CH,5.119824269615304,5.630900915882479,16.703102208846133,electricity
Heat,CZ,5.664839446426413,6.688795579632795,16.88172137534837,electricity
Heat,DE,35.414113511979764,67.91839118520733,165.14798462424415,electricity
Heat,DK,7.880877595677493,7.116111517148727,13.697041857689317,electricity
Heat,EE,0.7500975905290544,0.9275677502683859,1.9557341286585603,electricity
Heat,ES,48.33575398181434,30.550315947014578,40.673862988594855,electricity
Heat,FI,6.556661112668708,5.741799156828661,21.223061692505098,electricity
Heat,FR,82.78719936365772,80.91626732060254,129.69565162943903,electricity
Heat,GB,49.45306679921119,98.87259658344722,140.30426560394676,electricity
Heat,GR,7.043066881693558,6.270858025550246,11.060881997676157,electricity
Heat,HR,1.5995758745243767,3.23950867213064,5.446065506678172,electricity
Heat,HU,1.676176088391545,7.801095953947938,14.263907637078525,electricity
Heat,IE,5.102128656256682,8.648758894764407,9.46901049198726,electricity
Heat,IT,84.91497121375284,59.65360867401593,86.95691232039543,electricity
Heat,LT,0.16464567757573426,1.1523788137778626,2.691298888205905,electricity
Heat,LU,0.3640602065775348,0.7129849263200306,1.8409970698532974,electricity
Heat,LV,0.03798636380782956,0.6449612989228706,1.516704899686269,electricity
Heat,ME,0.2138539284569887,0.36017663730822835,0.5379362833168944,electricity
Heat,MK,0.41009159833171616,0.5868900977404998,0.6902812998345582,electricity
Heat,NL,9.316161077550893,28.161208692012057,50.14247655166872,electricity
Heat,NO,6.9853966487395205,4.535045210428496,7.9979485909665975,electricity
Heat,PL,17.684236570880003,31.25703219971546,53.88027380495933,electricity
Heat,PT,7.263269116460217,6.38179056450031,7.30472396249944,electricity
Heat,RO,2.052266999721389,11.791941897802682,15.04752599547206,electricity
Heat,RS,2.0042009959656015,3.536858282849776,6.7230555524878515,electricity
Heat,SE,13.678027644500574,10.369426183225475,23.321135922476742,electricity
Heat,SI,0.46488054547764807,1.7135342683434718,2.6710821640240563,electricity
Heat,SK,0.4783626089294349,3.1916962006575216,5.433897586989696,electricity
Hydrogen production,AL,3.4621239840905623e-06,6.21976521639486e-06,13.595378706777646,electricity
Hydrogen production,BG,2.7815098969356007e-06,4.820336602012757e-06,15.59484886634263,electricity
Hydrogen production,CH,3.062051080446649e-06,4.466932702881614e-06,1.816478813169354,electricity
Hydrogen production,DE,3.804408708438124e-06,3.529491191999196e-06,0.7572636441343606,electricity
Hydrogen production,DK,1.0542412516826858e-05,9.146954008523401e-06,40.466695896306874,electricity
Hydrogen production,EE,2.2016740773667847e-06,1.0825897682508726e-05,16.783208319280586,electricity
Hydrogen production,ES,3.227632143778329e-05,138.0568353939572,371.42628722738215,electricity
Hydrogen production,FR,4.058124352990836e-06,6.987253547047461e-05,210.32010169814777,electricity
Hydrogen production,GB,1.5793076603761514e-05,160.14317079375925,570.6903104296157,electricity
Hydrogen production,GR,3.6199730761841257e-06,2.9663556808697584,53.34239662423426,electricity
Hydrogen production,IE,4.751494978199024e-06,0.4067631474875945,89.7779669688932,electricity
Hydrogen production,IT,6.416102609332736e-06,0.4493832739373652,87.39889813125637,electricity
Hydrogen production,ME,3.4965678931901212e-06,4.462501147112741e-06,1.8752315662428476,electricity
Hydrogen production,MK,3.555348748589636e-06,5.960711480398112e-06,12.018510629835294,electricity
Hydrogen production,PL,3.6042721306165894e-06,4.094157032054514e-06,32.62494327307553,electricity
Hydrogen production,PT,3.79766502435253e-06,4.26283970646799,29.523533008125437,electricity
Hydrogen production,RO,3.307365959390936e-06,3.770128498062553e-06,11.652543221559556,electricity
Hydrogen production,RS,3.3131138128296393e-06,4.024869045821274e-06,0.7062917541830546,electricity
Industry,AL,1.93,1.9,1.8199999999999992,electricity
Industry,AT,44.84,45.5,46.2,electricity
Industry,BA,4.8999999999999995,4.9399999999999995,4.96,electricity
Industry,BE,68.35,68.81000000000003,69.28,electricity
Industry,BG,13.53,13.53,13.53,electricity
Industry,CH,18.76,18.78,18.76,electricity
Industry,CZ,39.59,40.06,40.54000000000001,electricity
Industry,DE,352.49,354.57999999999987,355.98999999999984,electricity
Industry,DK,16.940000000000005,16.940000000000005,16.940000000000005,electricity
Industry,EE,3.15,3.15,3.15,electricity
Industry,ES,154.76000000000002,154.87,154.65999999999997,electricity
Industry,FI,48.79000000000001,49.039999999999985,49.30000000000001,electricity
Industry,FR,172.76999999999998,173.1,172.84,electricity
Industry,GB,156.98999999999998,157.8,158.57999999999996,electricity
Industry,GR,18.41,18.17,17.669999999999998,electricity
Industry,HR,6.019999999999997,6.019999999999997,6.019999999999997,electricity
Industry,HU,21.69,21.83,21.98,electricity
Industry,IE,16.519999999999996,16.519999999999996,16.519999999999996,electricity
Industry,IT,177.02000000000004,177.48000000000005,177.95000000000002,electricity
Industry,LT,3.6799999999999993,3.6799999999999993,3.6799999999999993,electricity
Industry,LU,4.92,4.92,4.92,electricity
Industry,LV,3.7799999999999994,3.7799999999999994,3.7799999999999994,electricity
Industry,ME,0.7499999999999999,0.7499999999999999,0.7499999999999999,electricity
Industry,MK,2.05,2.0699999999999994,2.0600000000000005,electricity
Industry,NL,77.97999999999999,78.53,78.99,electricity
Industry,NO,33.58,33.629999999999995,33.58,electricity
Industry,PL,71.42,71.92999999999999,72.45,electricity
Industry,PT,27.13999999999999,27.13999999999999,27.13999999999999,electricity
Industry,RO,33.39,33.139999999999986,32.43,electricity
Industry,RS,15.049999999999995,15.02,14.849999999999996,electricity
Industry,SE,56.63,56.710000000000015,56.609999999999985,electricity
Industry,SI,7.1800000000000015,7.050000000000001,6.78,electricity
Industry,SK,16.239999999999995,16.34,16.15,electricity
Methanol production,BG,3.65049572596989e-05,6.982630663772623e-05,2.912178974492792,electricity
Methanol production,DK,0.00019926532802387546,0.00017187408688038226,4.074979292920231,electricity
Methanol production,EE,2.171327393569827e-05,0.168041332882647,1.103766284512827,electricity
Methanol production,ES,5.485070411549731,19.635660840426272,31.18800045587237,electricity
Methanol production,FR,2.8027008684579248e-05,15.749524706049934,33.98081313202303,electricity
Methanol production,GB,38.925252371959495,62.39879685544629,52.75355898694325,electricity
Methanol production,GR,3.94021527235453e-05,0.2113036708423631,5.394488770062791,electricity
Methanol production,IE,7.002343915480013e-05,1.0948224191309246,0.9066347002344792,electricity
Methanol production,IT,9.25235003250619e-05,0.6241739722116078,5.205841534482488,electricity
Methanol production,PT,4.476158288874988e-05,3.7428959359707537,10.068343159526997,electricity
Residual,AL,4.915752512996266,4.915752512996266,4.915752512996266,electricity
Residual,AT,37.945515567970375,37.945515567970375,37.945515567970375,electricity
Residual,BA,8.45334199673293,8.45334199673293,8.45334199673293,electricity
Residual,BE,36.702357767093446,36.702357767093446,36.702357767093446,electricity
Residual,BG,18.650682281326382,18.650682281326382,18.650682281326382,electricity
Residual,CH,42.0549044511425,42.0549044511425,42.0549044511425,electricity
Residual,CZ,33.90973283412154,33.90973283412154,33.90973283412154,electricity
Residual,DE,252.4076037144916,252.4076037144916,252.4076037144916,electricity
Residual,DK,22.96492448960185,22.96492448960185,22.96492448960185,electricity
Residual,EE,5.358971503460586,5.358971503460586,5.358971503460586,electricity
Residual,ES,137.61707664633482,137.61707664633482,137.61707664633482,electricity
Residual,FI,34.879825583595306,34.879825583595306,34.879825583595306,electricity
Residual,FR,282.9834303433663,282.9834303433663,282.9834303433663,electricity
Residual,GB,183.8030275424393,183.8030275424393,183.8030275424393,electricity
Residual,GR,29.331672931307207,29.331672931307207,29.331672931307207,electricity
Residual,HR,11.94036406858332,11.94036406858332,11.94036406858332,electricity
Residual,HU,21.738180108573623,21.738180108573623,21.738180108573623,electricity
Residual,IE,16.327846744104058,16.327846744104058,16.327846744104058,electricity
Residual,IT,193.08106672821896,193.08106672821896,193.08106672821896,electricity
Residual,LT,8.72017818924429,8.72017818924429,8.72017818924429,electricity
Residual,LU,3.517285178013047,3.517285178013047,3.517285178013047,electricity
Residual,LV,5.118583172513269,5.118583172513269,5.118583172513269,electricity
Residual,ME,2.759466789274331,2.759466789274331,2.759466789274331,electricity
Residual,MK,4.325649898152422,4.325649898152422,4.325649898152422,electricity
Residual,NL,74.3125154696511,74.3125154696511,74.3125154696511,electricity
Residual,NO,100.72861735806048,100.72861735806048,100.72861735806048,electricity
Residual,PL,99.16085738799872,99.16085738799872,99.16085738799872,electricity
Residual,PT,31.15326339880841,31.15326339880841,31.15326339880841,electricity
Residual,RO,33.33798176570986,33.33798176570986,33.33798176570986,electricity
Residual,RS,24.77014735360073,24.77014735360073,24.77014735360073,electricity
Residual,SE,59.66359567195979,59.66359567195979,59.66359567195979,electricity
Residual,SI,6.566367370083059,6.566367370083059,6.566367370083059,electricity
Residual,SK,14.27309838907663,14.27309838907663,14.27309838907663,electricity
Transport,AL,0.8438304861708041,1.6910273253808557,2.4204024099113335,electricity
Transport,AT,6.024983434908004,14.482173242052614,20.493956655981656,electricity
Transport,BA,0.864477958955023,1.7198056716616632,2.2867248066416344,electricity
Transport,BE,8.188920195919652,19.419558624511808,27.58569628072062,electricity
Transport,BG,2.1446942520752157,5.011520118207263,7.1578403598050935,electricity
Transport,CH,4.013081789524314,9.894948126993826,14.132357524129237,electricity
Transport,CZ,4.773271927140202,11.480054414328963,16.465033067190017,electricity
Transport,DE,43.41171656895895,103.33475572268333,149.073254342466,electricity
Transport,DK,3.513628925859738,8.227424458007878,11.673339671266229,electricity
Transport,EE,0.5516000336765731,1.300710735856906,1.9387995335621129,electricity
Transport,ES,29.465411792680875,63.21468079173535,87.08510660283987,electricity
Transport,FI,3.810489198142275,9.09377820455241,13.078414660300318,electricity
Transport,FR,42.71864451233567,100.9694794128388,141.36186308773893,electricity
Transport,GB,33.856557644117515,85.27254244960454,121.32446987197835,electricity
Transport,GR,4.919592763601433,11.00346443892322,15.985283612058902,electricity
Transport,HR,1.7127257803789238,3.926162683453187,5.557191316460732,electricity
Transport,HU,2.907310229021629,6.780439112712558,9.622606915168731,electricity
Transport,IE,2.981143630832375,7.565627388565043,10.7594674761872,electricity
Transport,IT,36.213409340991,80.97857533449736,114.73469150799384,electricity
Transport,LT,1.2722561875950162,3.04019949636937,4.383254778095509,electricity
Transport,LU,0.6928877228829486,1.6469852552253343,2.359412274209799,electricity
Transport,LV,0.6912861150044382,1.6555324310682071,2.3967558639820257,electricity
Transport,ME,0.2288611372645025,0.4525590960935031,0.6542703773146319,electricity
Transport,MK,0.5243402159131297,1.1722390036343098,1.6417686834563294,electricity
Transport,NL,10.36204806841438,24.736526261545567,35.07892020177476,electricity
Transport,NO,2.794717282001998,6.675420254631493,9.555638510623268,electricity
Transport,PL,13.868140468485135,33.08317429922199,47.72259944382186,electricity
Transport,PT,5.544848052113531,13.348369021982462,19.183611901903653,electricity
Transport,RO,3.922412433584146,8.996431427979271,13.094447159062875,electricity
Transport,RS,2.040052157046651,4.515609137200652,6.264085947397703,electricity
Transport,SE,5.354605459304579,12.77339747963104,18.143736933798408,electricity
Transport,SI,1.3816900504348142,3.3324453192198917,4.725571748269439,electricity
Transport,SK,1.924597802655266,4.576248635721659,6.538504685302315,electricity
Ammonia,BG,0.0001042971362155,8.558052968680415e-06,3.207834227536865,H2
Ammonia,DK,1.562539540258348,0.6151478826483435,0.754492905236237,H2
Ammonia,ES,76.7734088062697,50.193132070377594,38.08421012450935,H2
Ammonia,GB,1.43650452724729,43.91325384261247,37.28084051472694,H2
Ammonia,GR,1.782162345909866,1.363005209448246,1.3869534372261765,H2
Ammonia,IE,0.0070540270033387,3.808644766570336e-05,10.87710161888336,H2
Ammonia,IT,0.2218779822758532,0.09144247975376972,6.615069602574294,H2
Ammonia,MK,8.126042462796757e-05,9.544267778590616e-06,4.852511681934528,H2
Ammonia,PT,34.11961777167731,19.81167044854728,12.6846498699161,H2
Ammonia,RO,0.185877927359074,0.1087495143668528,0.1401119475943101,H2
Efuels production,CH,5.952014615384936e-06,2.9425326626068765e-06,4.58332132026779,H2
Efuels production,DE,6.002594436025983e-06,2.9455987607473685e-06,0.8900684755935601,H2
Efuels production,FI,6.159872856257582e-06,2.9829104218860137e-06,3.8642034784321337,H2
Efuels production,NO,5.845990616659383e-06,3.02658933363878e-06,37.916521690545,H2
Industry,AT,0.3599999999999999,3.02,5.790000000000002,H2
Industry,BA,0.0499999999999999,0.3299999999999999,0.62,H2
Industry,BE,0.0,1.49,3.379999999999999,H2
Industry,CZ,0.21,2.0699999999999994,3.9900000000000007,H2
Industry,DE,0.0,10.539999999999996,22.360000000000003,H2
Industry,ES,0.0,1.6800000000000004,3.529999999999999,H2
Industry,FI,0.0299999999999999,1.02,2.0600000000000005,H2
Industry,FR,0.0,3.659999999999999,7.5299999999999985,H2
Industry,GB,0.19,3.62,7.1800000000000015,H2
Industry,HU,0.0,0.5,1.09,H2
Industry,IT,0.02,1.8399999999999996,3.7200000000000006,H2
Industry,MK,0.0299999999999999,0.1999999999999999,0.3800000000000001,H2
Industry,NL,0.0,1.58,4.290000000000002,H2
Industry,NO,0.0,0.5,1.15,H2
Industry,PL,0.22,2.24,4.33,H2
Industry,RO,0.0,0.83,1.7200000000000004,H2
Industry,RS,0.0,0.3800000000000001,0.78,H2
Industry,SE,0.0,1.09,2.23,H2
Industry,SK,0.2899999999999999,1.9,3.5600000000000014,H2
Land transport,AL,0.1986027485310936,0.3972054970621873,0.5958082455932809,H2
Land transport,AT,2.1187513689368465,4.237502737873693,6.35625410681054,H2
Land transport,BA,0.1390470275111001,0.2780940550222002,0.4171410825333002,H2
Land transport,BE,2.827572251623685,5.65514450324737,8.482716754871053,H2
Land transport,BG,0.6748195246545708,1.3496390493091417,2.024458573963712,H2
Land transport,CH,1.328758714681656,2.657517429363312,3.986276144044968,H2
Land transport,CZ,1.6759342794698886,3.351868558939777,5.027802838409665,H2
Land transport,DE,14.71265946180348,29.42531892360696,44.13797838541044,H2
Land transport,DK,1.2223251922966263,2.444650384593253,3.666975576889879,H2
Land transport,EE,0.1885507422802668,0.3771014845605337,0.5656522268408004,H2
Land transport,ES,8.205131730059621,16.410263460119243,24.61539519017886,H2
Land transport,FI,1.3505109042708214,2.701021808541643,4.051532712812463,H2
Land transport,FR,13.867206888770658,27.734413777541317,41.60162066631197,H2
Land transport,GB,10.908993842554443,21.817987685108886,32.72698152766331,H2
Land transport,GR,1.625473651826906,3.250947303653812,4.876420955480717,H2
Land transport,HR,0.5686616030546995,1.137323206109399,1.7059848091640983,H2
Land transport,HU,0.971736906864696,1.943473813729392,2.9152107205940876,H2
Land transport,IE,1.0393223933307203,2.078644786661441,3.1179671799921604,H2
Land transport,IT,11.4071444598894,22.8142889197788,34.22143337966819,H2
Land transport,LT,0.4458691239284039,0.8917382478568079,1.3376073717852115,H2
Land transport,LU,0.2458503120409227,0.4917006240818455,0.7375509361227682,H2
Land transport,LV,0.2421413541194206,0.4842827082388413,0.7264240623582617,H2
Land transport,ME,0.056630087468432,0.1132601749368641,0.1698902624052962,H2
Land transport,MK,0.1267333619301705,0.2534667238603411,0.3802000857905116,H2
Land transport,NL,3.500756407563092,7.001512815126184,10.502269222689277,H2
Land transport,NO,0.9664279688147748,1.9328559376295495,2.899283906444324,H2
Land transport,PL,4.5919383163196725,9.183876632639343,13.775814948959011,H2
Land transport,PT,1.7862955127872857,3.5725910255745714,5.3588865383618565,H2
Land transport,RO,1.306720291124868,2.613440582249736,3.920160873374604,H2
Land transport,RS,0.5295795910082652,1.0591591820165305,1.588738773024796,H2
Land transport,SE,1.8599579367514445,3.719915873502889,5.579873810254332,H2
Land transport,SI,0.4894133655455231,0.9788267310910462,1.4682400966365694,H2
Land transport,SK,0.6656876608308361,1.3313753216616722,1.9970629824925084,H2
Methanol production,AL,0.000148741917476,0.0006113888968245,1.1422845610775083,H2
Methanol production,BG,0.0001533274675752,0.0002932832023533,12.23168196331006,H2
Methanol production,DK,0.0008369506613609,0.0007219024609646,17.11565503172948,H2
Methanol production,EE,9.119970423862708e-05,0.7058041962785767,4.636019376637636,H2
Methanol production,ES,23.03829448948059,82.47335093178702,130.995280849537,H2
Methanol production,FR,0.000117718539834,66.15087155185898,142.7256026247381,H2
Methanol production,GB,163.4931477514407,262.0863088134695,221.57455349164843,H2
Methanol production,GR,0.0001654962160655,0.887513893226254,22.657835101480305,H2
Methanol production,IE,0.0002941111948203,4.5984535134704725,3.8080308275354415,H2
Methanol production,IT,0.0003886155487078,2.621644337363584,21.86548236180098,H2
Methanol production,MK,0.0001001227873239,0.000280492135704,0.7434237255479405,H2
Methanol production,PT,0.0001880067986428,15.7208444644216,42.288874586168525,H2
Heat,AL,0.22086749146177884,0.5664440800098813,0.22322459961734264,gas
Heat,AT,43.677698411480264,44.67305834254244,23.925567770442996,gas
Heat,BA,2.1118591934438244,2.5559833106392604,1.5983317060355882,gas
Heat,BE,69.64433726221574,57.5530133470607,31.651141844325423,gas
Heat,BG,0.9863401063657047,1.969260694061868,0.3586282196353998,gas
Heat,CH,33.35699689370939,36.44654686630039,16.13538871409872,gas
Heat,CZ,41.69042484259287,42.58961082583023,24.513751545308374,gas
Heat,DE,435.15983273988326,393.3860890268934,231.24264885563554,gas
Heat,DK,24.752653590057154,24.698360208611447,10.85381719640229,gas
Heat,EE,5.08297429276019,5.032999524256333,1.9960962070201222,gas
Heat,ES,100.93095186443097,59.27733591057305,21.917019208750695,gas
Heat,FI,56.41981969575233,60.52328489137817,28.330960522080506,gas
Heat,FR,204.2282615469771,199.44871913590825,95.74010077091067,gas
Heat,GB,358.0021051630913,177.58206800427098,70.16756335418125,gas
Heat,GR,14.303016070354538,24.586160397569365,17.04164241717309,gas
Heat,HR,20.4653733399744,13.914586680280982,9.705109880868894,gas
Heat,HU,54.1834948260017,36.91489691928624,25.554432424419215,gas
Heat,IE,17.931499471593433,12.234727050100297,4.115091628999916,gas
Heat,IT,180.71809495470671,183.1081736749864,118.70465121412354,gas
Heat,LT,5.665154675064711,4.3146177898774924,1.4614835141835982,gas
Heat,LU,4.7040729029540564,4.1820421978977596,2.4664296264136163,gas
Heat,LV,2.8692024118508987,0.6611387268385296,0.13800353497769238,gas
Heat,ME,0.8714291210601783,1.0358994877932515,0.6377959103605834,gas
Heat,MK,1.2944390544813853,1.621316281693956,0.8817968012149793,gas
Heat,NL,144.54940220117274,75.45427978144778,40.17955671807384,gas
Heat,NO,2.9315781126355316,13.936885704052475,2.4527367015870585,gas
Heat,PL,126.66277353019572,131.14855831974742,78.41565058799458,gas
Heat,PT,8.018617505970866,3.6804135103324156,0.9207992605142575,gas
Heat,RO,33.14004344185204,7.663725385659435,2.6756976240789316,gas
Heat,RS,11.430531859155229,12.870254645604447,8.512700960874154,gas
Heat,SE,20.91311901923759,36.155637845229066,13.691074541578848,gas
Heat,SI,3.132340998553686,2.402075886653263,1.0884741541855967,gas
Heat,SK,21.33440940883144,12.82297806505767,7.482203506524699,gas
Hydrogen production,AT,4.174071881038037,10.54642768502891,0.320715031281947,gas
Hydrogen production,BE,3.3951498035214436,7.756752377373883,0.11414844986453836,gas
Hydrogen production,BG,0.8097912818234734,1.8680274125552248,0.12749547078210619,gas
Hydrogen production,CH,1.9398287971577357,4.1494734828022475,0.19580860403634037,gas
Hydrogen production,CZ,2.9021326187226104,7.934874690666684,0.2671031521261696,gas
Hydrogen production,DE,16.84948619082163,49.195569472163676,0.9708547675195137,gas
Hydrogen production,DK,3.020524159732153,3.883900961165388,0.19683514954751458,gas
Hydrogen production,EE,0.298060129545269,1.3595000487182547,0.08276961184142323,gas
Hydrogen production,ES,143.7396787533375,143.7760698794145,1.7576957573662717,gas
Hydrogen production,FI,2.121523872811639,5.730502164097048,0.2197876807525885,gas
Hydrogen production,FR,18.067118872236158,58.81443971358672,1.2400873135284212,gas
Hydrogen production,GB,249.00935286042093,317.86760867189884,13.818782016139423,gas
Hydrogen production,GR,3.6599619445539076,3.660090041065402,0.2817700785310886,gas
Hydrogen production,HR,0.8678007885113955,1.725876129879628,0.10531964374323365,gas
Hydrogen production,HU,1.1955119661430242,3.5416170879124267,0.17754112003810144,gas
Hydrogen production,IE,1.5460926264359292,8.255193135508145,9.329351009435868e-06,gas
Hydrogen production,IT,16.44238895850777,37.93524799227883,1.424394707207787,gas
Hydrogen production,LT,0.7319367023369215,1.4744673556913794,0.13404511984800715,gas
Hydrogen production,LU,0.3626729840217812,0.5650077875182965,0.022560043101180226,gas
Hydrogen production,LV,0.39277382585756654,0.7039129882688653,0.06721930632989682,gas
Hydrogen production,MK,0.00044001898404014665,0.5420344172449597,0.017361365764297858,gas
Hydrogen production,NL,3.1922121882170624,8.642512094745312,0.059877354051347025,gas
Hydrogen production,NO,1.2930123553707393,2.984595731651728,1.0349498541178453e-05,gas
Hydrogen production,PL,6.0792641919084485,14.685230331276333,0.6348491596752753,gas
Hydrogen production,PT,47.16699279680733,47.16708247269488,1.8273031068215542,gas
Hydrogen production,RO,1.7307082207010673,4.089421167142409,0.3001095352388905,gas
Hydrogen production,RS,0.6829687509923283,2.0591943098952745,0.1073280437437164,gas
Hydrogen production,SE,2.7590537579256615,6.675716471014867,0.21224645817328577,gas
Hydrogen production,SI,0.8817866619431629,1.4370427477447212,0.0843408526887593,gas
Hydrogen production,SK,1.5916031386651581,4.689212522194819,0.17690808313066625,gas
Industry,AL,0.3100004003253027,0.310000357981005,0.310000704623821,gas
Industry,AT,7.350001180771781,7.360000792121347,7.370000882315977,gas
Industry,BA,1.0800005466711817,1.080000502466731,1.0800007621436358,gas
Industry,BE,21.520001324246877,21.53000085765784,21.53000151710548,gas
Industry,BG,3.710000863368223,3.7100007983896295,3.7100009635681843,gas
Industry,CH,4.7600009731359565,4.760000824942499,4.760000868012122,gas
Industry,CZ,6.760001149826315,6.770000770593506,6.770000880316443,gas
Industry,DE,105.43000129508304,105.4600008286365,105.49000088491975,gas
Industry,DK,1.2500009721600243,1.2500008129803464,1.2500014578277865,gas
Industry,EE,0.22000034432106666,0.22000034144512656,0.22000072464993464,gas
Industry,ES,25.520001755286437,25.53000163885935,25.541105342927214,gas
Industry,FI,5.4400009894641554,5.440000801847796,5.440000866363314,gas
Industry,FR,33.92000129044495,33.93000093925779,33.94000099079666,gas
Industry,GB,19.99000217853176,20.00000194197952,22.233316631941687,gas
Industry,GR,5.450001052636252,5.4500008750712645,5.450001034310332,gas
Industry,HR,1.4000005944563731,1.4000005448382298,1.4000007918131592,gas
Industry,HU,6.560001118507632,6.560000806045939,6.560000879499965,gas
Industry,IE,5.560001153530181,5.560001093240881,6.177772781661955,gas
Industry,IT,24.520001796305234,24.53000134674753,24.5300015941459,gas
Industry,LT,0.42000040019650936,0.420000375247389,0.42000069619966174,gas
Industry,LU,0.9900005596347339,0.9900004868771016,0.9900009949463082,gas
Industry,LV,0.7000004595620635,0.7000004442383067,0.7000007432732636,gas
Industry,ME,0.1600003424851455,0.1600002980294294,0.16000058912070103,gas
Industry,MK,0.3500004064648399,0.35000036628103665,0.35000077008836916,gas
Industry,NL,41.06000130921634,41.060000839339665,41.070001260226164,gas
Industry,NO,12.280001199830277,12.280000786905317,12.280000886186011,gas
Industry,PL,14.250001247509088,14.250000825163934,14.260000887353645,gas
Industry,PT,4.740001004693136,4.7400013023545755,4.740000904304848,gas
Industry,RO,10.230001267789445,10.240000816963462,10.240000886980297,gas
Industry,RS,3.480000852555657,3.4800007793951875,3.4800008466642645,gas
Industry,SE,7.580001160530859,7.580000795291337,7.580000881441418,gas
Industry,SI,1.2100005676134233,1.210000521817364,1.2100007805337252,gas
Industry,SK,2.8900007801918544,2.90000071077708,2.90000084915668,gas
Power supply,AT,12.814291668164264,12.448786452309157,1.8802349199735595,gas
Power supply,BE,24.499062628879827,16.242338920853037,2.218023126419211,gas
Power supply,BG,0.3910284963439548,0.4315074229401697,0.07136274228321411,gas
Power supply,CH,0.23591575984883809,0.24120633469555056,0.05999041284941633,gas
Power supply,CZ,2.256998221817774,3.9645456149255276,0.7800158045409072,gas
Power supply,DE,56.64992497591803,92.11140953102958,18.24785806526824,gas
Power supply,DK,2.46756429146179,2.0702777083942427,0.02689109621662999,gas
Power supply,ES,119.22322463796257,65.86387075127892,8.808671922521032,gas
Power supply,FI,8.922295617310027,2.4826191780740077,0.16390068563956758,gas
Power supply,FR,28.986841771835945,22.24988508513661,4.928797667424344,gas
Power supply,GB,116.61249196300781,79.04187107763167,10.32512419436345,gas
Power supply,GR,32.89169940628237,36.58500644056684,4.1469555800661695,gas
Power supply,HR,1.1614448132608968,1.3388471853749289,0.08935324953013947,gas
Power supply,HU,11.273881074328441,11.80453653969192,1.0141288097128267,gas
Power supply,IE,19.073348392060737,10.831638250974276,1.1428285934950033,gas
Power supply,IT,257.35286654308265,184.73383811438458,22.902719039483202,gas
Power supply,LT,5.565828547984613,4.782325476037421,1.4448891550944252,gas
Power supply,LV,5.560524622495683,4.466301499430788,1.1436776883975512,gas
Power supply,NL,38.44874647983302,35.631219571067305,7.9009469048519,gas
Power supply,NO,1.7695897430424243,1.2143001823426418,0.5393459146377153,gas
Power supply,PL,9.683972747217277,23.36686961700693,3.9434531899849095,gas
Power supply,PT,15.749123679051005,10.246076863347398,1.0187570727459252,gas
Power supply,RO,4.922785249376728,0.8156209812955106,0.12670171264524097,gas
Power supply,RS,1.0812096230810129,1.0732822080983841,0.20018593237609655,gas
Power supply,SE,0.1631747529380644,0.5348080860337557,0.6092910201580418,gas
Power supply,SI,1.7236945250164761,2.115328232969712,0.10619800262520844,gas
Power supply,SK,3.235866874738399,5.598621473181643,0.6614089999595902,gas
Shipping,EU methanol,163.90938809683465,382.4552388926142,546.3646269894488,methanol
Heat,AL,1.923743472993706,1.1149679265930101,0.1858358444384866,oil
Heat,AT,17.54649135515515,5.9685469032145075,0.5644161221224032,oil
Heat,BA,3.045718053965656,1.6425729781287022,0.36901535809765057,oil
Heat,BE,27.940165100071653,14.166729054017242,0.9686638435175173,oil
Heat,BG,4.29011789549033,2.0081887081039773,0.223202373344992,oil
Heat,CH,15.156045550511452,6.51275355936071,0.4465321471847306,oil
Heat,CZ,23.287063948631268,12.958898573028145,2.1556867135023423,oil
Heat,DE,150.0779224982013,73.09247745289889,7.378501399553498,oil
Heat,DK,11.52541487770581,6.112907563442491,0.7415041785874508,oil
Heat,EE,2.463825417062357,1.4109246179795043,0.25760238880842,oil
Heat,ES,10.575447204315639,12.259611302914294,1.0426051227778437,oil
Heat,FI,10.579655286227668,4.226488843995913,0.3779299808767837,oil
Heat,FR,76.55275443397947,46.830775621530805,4.375762425890738,oil
Heat,GB,34.51946518811554,36.36966929719333,1.6762034639723788,oil
Heat,GR,30.807326986899668,13.109243960140022,2.11317602421841,oil
Heat,HR,2.777424346871282,3.9071028965620647,0.7520137031903955,oil
Heat,HU,15.157848526458864,15.52373680291513,2.946794984109033,oil
Heat,IE,6.494711197746684,2.088405794387977,0.1553851656127917,oil
Heat,IT,12.932808041705139,44.8777775866701,7.549675907329656,oil
Heat,LT,4.090138448522877,2.0880267159911483,0.4480432314387416,oil
Heat,LU,1.816612725260492,0.8893898998819757,0.0625983283731607,oil
Heat,LV,1.106906915509529,1.2985226632714888,0.3479322038128016,oil
Heat,ME,0.787058152267974,0.4135272320751519,0.0723149017434237,oil
Heat,MK,1.7241390913215855,0.9525256684525161,0.18917193011151462,oil
Heat,NL,3.156145230460564,13.81197056956687,1.0073266961547456,oil
Heat,NO,4.7400376228585435,1.8259225502372898,0.0217531936355529,oil
Heat,PL,73.5300654656773,27.170885183922152,5.904244218389062,oil
Heat,PT,0.16337954887423634,0.9924476350734803,0.1094188313802237,oil
Heat,RO,8.086796765954,14.620706883345173,2.591386431571512,oil
Heat,RS,12.072713949070021,6.4112577469367995,1.8196040582358473,oil
Heat,SE,11.769835989357421,6.837597742866561,1.0668523744163387,oil
Heat,SI,5.268515003844938,2.5459549261227403,0.4391981749920051,oil
Heat,SK,1.9015277499225463,3.184763080662785,0.6834082941895369,oil
Agriculture,AL,0.0,0.0,0.0,oil
Agriculture,AT,1.7539298226462323,1.7539298226462323,1.7539298226462323,oil
Agriculture,BA,0.0,0.0,0.0,oil
Agriculture,BE,1.9354834277204307,1.9354834277204307,1.9354834277204307,oil
Agriculture,BG,0.8304660005944632,0.8304660005944632,0.8304660005944632,oil
Agriculture,CH,0.0,0.0,0.0,oil
Agriculture,CZ,2.362987517719688,2.362987517719688,2.362987517719688,oil
Agriculture,DE,1.357730925914293,1.357730925914293,1.357730925914293,oil
Agriculture,DK,3.134405877964306,3.134405877964306,3.134405877964306,oil
Agriculture,EE,0.3995805894739887,0.3995805894739887,0.3995805894739887,oil
Agriculture,ES,9.162390411860274,9.162390411860274,9.162390411860274,oil
Agriculture,FI,1.9294036825391925,1.9294036825391925,1.9294036825391925,oil
Agriculture,FR,21.17126392592724,21.17126392592724,21.17126392592724,oil
Agriculture,GB,2.1472568470367825,2.1472568470367825,2.1472568470367825,oil
Agriculture,GR,3.5260674790753335,3.5260674790753335,3.5260674790753335,oil
Agriculture,HR,0.7831251159601095,0.7831251159601095,0.7831251159601095,oil
Agriculture,HU,1.560391633404428,1.560391633404428,1.560391633404428,oil
Agriculture,IE,0.9498965067211396,0.9498965067211396,0.9498965067211396,oil
Agriculture,IT,13.39739348684073,13.39739348684073,13.39739348684073,oil
Agriculture,LT,0.2925972575825459,0.2925972575825459,0.2925972575825459,oil
Agriculture,LU,0.0576969109594021,0.0576969109594021,0.0576969109594021,oil
Agriculture,LV,0.6878248634681197,0.6878248634681197,0.6878248634681197,oil
Agriculture,ME,0.0,0.0,0.0,oil
Agriculture,MK,0.0,0.0,0.0,oil
Agriculture,NL,6.329362019686628,6.329362019686628,6.329362019686628,oil
Agriculture,NO,0.0,0.0,0.0,oil
Agriculture,PL,6.431231030356537,6.431231030356537,6.431231030356537,oil
Agriculture,PT,2.1164759881330455,2.1164759881330455,2.1164759881330455,oil
Agriculture,RO,2.0815759901835698,2.0815759901835698,2.0815759901835698,oil
Agriculture,RS,0.0,0.0,0.0,oil
Agriculture,SE,1.52788446551391,1.52788446551391,1.52788446551391,oil
Agriculture,SI,0.2556105646307224,0.2556105646307224,0.2556105646307224,oil
Agriculture,SK,0.4438885786197412,0.4438885786197412,0.4438885786197412,oil
Aviation,AL,0.2388888888888889,0.2388888888888889,0.2388888888888889,oil
Aviation,AT,8.683081485290835,8.683081485290835,8.683081485290835,oil
Aviation,BA,0.1495167873048642,0.1495167873048642,0.1495167873048642,oil
Aviation,BE,17.152819962824537,17.152819962824537,17.152819962824537,oil
Aviation,BG,2.22194444444444,2.22194444444444,2.22194444444444,oil
Aviation,CH,18.11111111111111,18.11111111111111,18.11111111111111,oil
Aviation,CZ,4.12562061411112,4.12562061411112,4.12562061411112,oil
Aviation,DE,97.46828203428808,97.46828203428808,97.46828203428808,oil
Aviation,DK,10.609169271597157,10.609169271597157,10.609169271597157,oil
Aviation,EE,0.406115284700455,0.406115284700455,0.406115284700455,oil
Aviation,ES,66.91444441158694,66.91444441158694,66.91444441158694,oil
Aviation,FI,8.45581519354119,8.45581519354119,8.45581519354119,oil
Aviation,FR,76.86082364876086,76.86082364876086,76.86082364876086,oil
Aviation,GB,141.45599296816272,141.45599296816272,141.45599296816272,oil
Aviation,GR,11.179947394219898,11.179947394219898,11.179947394219898,oil
Aviation,HR,1.3435938842921606,1.3435938842921606,1.3435938842921606,oil
Aviation,HU,2.7066631035622497,2.7066631035622497,2.7066631035622497,oil
Aviation,IE,8.158826428368839,8.158826428368839,8.158826428368839,oil
Aviation,IT,46.16724136457523,46.16724136457523,46.16724136457523,oil
Aviation,LT,0.6472555420471524,0.6472555420471524,0.6472555420471524,oil
Aviation,LU,4.693572879871052,4.693572879871052,4.693572879871052,oil
Aviation,LV,1.3683475494674462,1.3683475494674462,1.3683475494674462,oil
Aviation,ME,0.1222222222222222,0.1222222222222222,0.1222222222222222,oil
Aviation,MK,0.0483333333333333,0.0483333333333333,0.0483333333333333,oil
Aviation,NL,41.4460887143256,41.4460887143256,41.4460887143256,oil
Aviation,NO,8.994722222222222,8.994722222222222,8.994722222222222,oil
Aviation,PL,5.854187163578207,5.854187163578207,5.854187163578207,oil
Aviation,PT,12.052497575307816,12.052497575307816,12.052497575307816,oil
Aviation,RO,2.6358167451857355,2.6358167451857355,2.6358167451857355,oil
Aviation,RS,0.5697222222222222,0.5697222222222222,0.5697222222222222,oil
Aviation,SE,10.607509417998658,10.607509417998658,10.607509417998658,oil
Aviation,SI,0.290279078770383,0.290279078770383,0.290279078770383,oil
Aviation,SK,0.5052776612024064,0.5052776612024064,0.5052776612024064,oil
Industry,AL,0.22,0.22,0.22,oil
Industry,AT,10.66,10.66,10.66,oil
Industry,BA,0.26,0.26,0.26,oil
Industry,BE,54.59,54.59,54.59,oil
Industry,BG,8.91,8.91,8.91,oil
Industry,CH,10.51,10.51,10.51,oil
Industry,CZ,11.06,11.06,11.06,oil
Industry,DE,241.36,241.36,241.36,oil
Industry,DK,0.0,0.0,0.0,oil
Industry,EE,0.0,0.0,0.0,oil
Industry,ES,34.98,34.98,34.98,oil
Industry,FI,12.62,12.62,12.62,oil
Industry,FR,61.23,61.23,61.23,oil
Industry,GB,37.34,37.34,37.34,oil
Industry,GR,2.37,2.37,2.37,oil
Industry,HR,0.0,0.0,0.0,oil
Industry,HU,14.3,14.3,14.3,oil
Industry,IE,0.0,0.0,0.0,oil
Industry,IT,27.27,27.27,27.27,oil
Industry,LT,0.0,0.0,0.0,oil
Industry,LU,0.0,0.0,0.0,oil
Industry,LV,0.29,0.29,0.29,oil
Industry,ME,0.08,0.08,0.08,oil
Industry,MK,0.14,0.14,0.14,oil
Industry,NL,122.89,122.89,122.89,oil
Industry,NO,19.99,19.99,19.99,oil
Industry,PL,12.65,12.65,12.65,oil
Industry,PT,4.78,4.78,4.78,oil
Industry,RO,14.45,14.45,14.45,oil
Industry,RS,7.07,7.07,7.07,oil
Industry,SE,16.66,16.66,16.66,oil
Industry,SI,1.26,1.26,1.26,oil
Industry,SK,0.48,0.48,0.48,oil
Shipping,AL,0.1664444444444443,0.0713333333333333,0.0,oil
Shipping,AT,0.0406391427133773,0.0174167754485903,0.0,oil
Shipping,BA,0.0306688017645813,0.0131437721848205,0.0,oil
Shipping,BE,56.30177531987054,24.12933227994452,0.0,oil
Shipping,BG,0.6121111111111112,0.2623333333333333,0.0,oil
Shipping,CH,0.3111111111111111,0.1333333333333333,0.0,oil
Shipping,CZ,0.0250832477395044,0.0107499633169304,0.0,oil
Shipping,DE,24.488527001579467,10.495083000676916,0.0,oil
Shipping,DK,7.094038909330042,3.040302389712875,0.0,oil
Shipping,EE,1.5530264499823356,0.6655827642781438,0.0,oil
Shipping,ES,76.16661420741403,32.64283466032029,0.0,oil
Shipping,FI,2.8941174428685774,1.240336046943676,0.0,oil
Shipping,FR,24.21572300565683,10.37816700242436,0.0,oil
Shipping,GB,31.678689073358616,13.576581031439408,0.0,oil
Shipping,GR,26.621963507154316,11.409412931637563,0.0,oil
Shipping,HR,0.493494166591577,0.2114974999678187,0.0,oil
Shipping,HU,0.0081409999999999,0.0034889999999999,0.0,oil
Shipping,IE,0.949082589989019,0.4067496814238653,0.0,oil
Shipping,IT,29.07896767608785,12.46241471832336,0.0,oil
Shipping,LT,1.189223919836434,0.5096673942156146,0.0,oil
Shipping,LU,0.0,0.0,0.0,oil
Shipping,LV,1.7731380769723608,0.7599163187024404,0.0,oil
Shipping,ME,0.00875,0.00375,0.0,oil
Shipping,MK,0.0,0.0,0.0,oil
Shipping,NL,121.6043884514683,52.11616647920069,0.0,oil
Shipping,NO,9.776861111111108,4.190083333333333,0.0,oil
Shipping,PL,1.4138055425636442,0.6059166610987048,0.0,oil
Shipping,PT,5.495388516453826,2.35516650705164,0.0,oil
Shipping,RO,0.500495856873047,0.2144982243741629,0.0,oil
Shipping,RS,0.116861111111111,0.0500833333333333,0.0,oil
Shipping,SE,14.82502896468256,6.35358384200681,0.0,oil
Shipping,SI,0.2566666666666666,0.1099999999999999,0.0,oil
Shipping,SK,0.1326983,0.0568706999999999,0.0,oil
Transport,AL,4.634064132392186,1.9860274853109368,0.0,oil
Transport,AT,49.43753194185975,21.187513689368465,0.0,oil
Transport,BA,3.244430641925669,1.3904702751110007,0.0,oil
Transport,BE,65.97668587121932,28.27572251623685,0.0,oil
Transport,BG,15.745788908606652,6.748195246545708,0.0,oil
Transport,CH,31.004370009238645,13.28758714681656,0.0,oil
Transport,CZ,39.10513318763074,16.759342794698888,0.0,oil
Transport,DE,343.2953874420813,147.1265946180348,0.0,oil
Transport,DK,28.520921153587953,12.223251922966265,0.0,oil
Transport,EE,4.399517319872893,1.8855074228026685,0.0,oil
Transport,ES,191.4530737013912,82.05131730059621,0.0,oil
Transport,FI,31.511921099652504,13.505109042708217,0.0,oil
Transport,FR,323.568160737982,138.67206888770656,0.0,oil
Transport,GB,254.5431896596036,109.08993842554442,0.0,oil
Transport,GR,37.9277185426278,16.254736518269056,0.0,oil
Transport,HR,13.268770737942988,5.686616030546995,0.0,oil
Transport,HU,22.673861160176248,9.717369068646962,0.0,oil
Transport,IE,24.250855844383484,10.393223933307208,0.0,oil
Transport,IT,266.16670406408593,114.07144459889398,0.0,oil
Transport,LT,10.40361289166276,4.45869123928404,0.0,oil
Transport,LU,5.736507280954866,2.458503120409228,0.0,oil
Transport,LV,5.649964929453148,2.421413541194206,0.0,oil
Transport,ME,1.3213687075967486,0.5663008746843209,0.0,oil
Transport,MK,2.9571117783706464,1.2673336193017053,0.0,oil
Transport,NL,81.68431617647217,35.007564075630924,0.0,oil
Transport,NO,22.549985939011417,9.664279688147747,0.0,oil
Transport,PL,107.14522738079232,45.91938316319671,0.0,oil
Transport,PT,41.68022863170333,17.862955127872855,0.0,oil
Transport,RO,30.490140126246924,13.067202911248682,0.0,oil
Transport,RS,12.356857123526192,5.295795910082652,0.0,oil
Transport,SE,43.39901852420037,18.599579367514444,0.0,oil
Transport,SI,11.419645196062207,4.8941336554552315,0.0,oil
Transport,SK,15.532712086052843,6.656876608308361,0.0,oil
Heat,AL,1.5966014736783032,1.463310646110135,1.3300198185419672,residential rural heat
Heat,AT,17.811631012049965,16.18954140950546,14.567451806960957,residential rural heat
Heat,BA,3.207802204918411,2.9403471367160248,2.6728920685136384,residential rural heat
Heat,BE,3.0944957030132674,2.822457567462086,2.550419431910905,residential rural heat
Heat,BG,4.99216671021631,4.585155429346611,4.17814414847691,residential rural heat
Heat,CH,10.57829732451491,9.627080486040123,8.675863647565334,residential rural heat
Heat,CZ,17.772164777945935,16.110136270995994,14.448107764046055,residential rural heat
Heat,DE,113.04298218772728,102.8142910912732,92.58559999481912,residential rural heat
Heat,DK,2.9239139206634985,2.660262678349045,2.3966114360345907,residential rural heat
Heat,EE,2.6656898531859925,2.4253383735715306,2.1849868939570687,residential rural heat
Heat,ES,21.93077620001449,20.35549215426075,18.78020810850702,residential rural heat
Heat,FI,7.794998510197118,7.094256089817565,6.3935136694380095,residential rural heat
Heat,FR,56.72834747463375,51.741229387234775,46.754111299835785,residential rural heat
Heat,GB,50.12960086802288,45.9514675446924,41.773334221361914,residential rural heat
Heat,GR,8.720309324058553,7.924024792768256,7.12774026147796,residential rural heat
Heat,HR,8.49446499865482,7.74469283177858,6.994920664902338,residential rural heat
Heat,HU,17.36942330705559,15.735468436003654,14.101513564951718,residential rural heat
Heat,IE,8.124547034559663,7.461566858154015,6.798586681748365,residential rural heat
Heat,IT,78.05801408524576,71.55343298577831,65.04885188631086,residential rural heat
Heat,LT,4.304221761665471,3.916569327051099,3.528916892436726,residential rural heat
Heat,LU,0.2266810770245771,0.2048106542427446,0.1829402314609119,residential rural heat
Heat,LV,4.175087963685426,3.79922047616168,3.423352988637934,residential rural heat
Heat,ME,0.9897770491117456,0.9056262164503333,0.8214753837889207,residential rural heat
Heat,MK,1.6956304456793334,1.5562987591281583,1.4169670725769836,residential rural heat
Heat,NL,6.524062878907255,5.980818124730981,5.437573370554707,residential rural heat
Heat,NO,3.141333450508691,2.9099829815185374,2.6786325125283836,residential rural heat
Heat,PL,69.80977741654038,63.6283376062563,57.4468977959722,residential rural heat
Heat,PT,4.419148640852231,4.2127231382323185,4.006297635612406,residential rural heat
Heat,RO,30.174969441207686,27.427495369021116,24.680021296834543,residential rural heat
Heat,RS,9.7173958376894,8.894186708004314,8.070977578319226,residential rural heat
Heat,SE,8.856369809376295,8.07284662993911,7.289323450501922,residential rural heat
Heat,SI,5.3355794681051965,4.9008085141775215,4.4660375602498465,residential rural heat
Heat,SK,7.566018346698725,6.900860121073246,6.235701895447767,residential rural heat
Storage charging,AT,0.0143311358631995,0.3213548738845346,0.3615216713657446,residential rural heat
Storage charging,BG,0.0266594782314245,0.3332813402609213,0.3343124853328166,residential rural heat
Storage charging,CH,0.0314588541214573,0.1639713329378709,0.2331668314067911,residential rural heat
Storage charging,CZ,0.0277148494887489,0.2105411777850006,0.429229922245147,residential rural heat
Storage charging,DE,1.0664722231915566e-05,1.4052976696146309,1.8336694694857696,residential rural heat
Storage charging,ES,3.726399282572807,1.8348558763341554,1.8716811468259953,residential rural heat
Storage charging,FR,0.0001310063679412,1.2638508699539748,1.292085944892608,residential rural heat
Storage charging,GB,0.0339918689534407,0.8439496527383304,1.083584610555347,residential rural heat
Storage charging,GR,0.0230674492753895,0.3319684751436165,0.5139952572689116,residential rural heat
Storage charging,HR,0.1000111179851637,0.1574225421473138,0.232582116026551,residential rural heat
Storage charging,HU,0.070657366556522,0.3472524742977173,0.4218654176130228,residential rural heat
Storage charging,IE,0.0065765125660713,0.1233997661551403,0.17197900394141,residential rural heat
Storage charging,IT,0.3774352856289833,2.441094188070716,2.299945012603598,residential rural heat
Storage charging,LV,0.059169263231299,0.1136038276160516,0.1812590428030067,residential rural heat
Storage charging,PL,0.1000293813636621,1.1812434632953157,1.496981507660202,residential rural heat
Storage charging,PT,0.7634572917459946,0.3661225215418294,0.4669658405947295,residential rural heat
Storage charging,RO,0.0855406031368111,1.3974610141268629,1.9081232520948344,residential rural heat
Storage charging,RS,0.0493836138308159,0.1474597393531932,0.3696700138546112,residential rural heat
Storage charging,SE,0.3144485996053661,0.1946975153767637,0.158418412755091,residential rural heat
Storage charging,SK,0.0362018558053327,0.160367031395884,0.1618084313389667,residential rural heat
Heat,AL,1.3907373834326593,0.9948354598504582,0.5651358450898244,residential urban decentral heat
Heat,AT,21.939536633042945,16.50669433838932,10.73192145239034,residential urban decentral heat
Heat,BA,1.5128462514319172,1.1405069945614563,0.7383543425729402,residential urban decentral heat
Heat,BE,53.026862863999646,37.83890198902294,21.50947753228749,residential urban decentral heat
Heat,BG,9.231474349625213,7.02237631853351,4.629459067481718,residential urban decentral heat
Heat,CH,27.779796193897777,19.97733515560099,11.629654540973863,residential urban decentral heat
Heat,CZ,28.744533698828764,21.863706068888053,14.594589516317257,residential urban decentral heat
Heat,DE,262.2944777571017,191.52074556691417,115.98671020619118,residential urban decentral heat
Heat,DK,22.329300057584316,17.126744056179575,11.598633831619466,residential urban decentral heat
Heat,EE,2.4328527895498246,2.1506371105670787,1.862003665558028,residential urban decentral heat
Heat,ES,73.76874168761594,53.43995715963894,30.81519440680919,residential urban decentral heat
Heat,FI,19.53272410826812,16.155202938475977,12.610890647661712,residential urban decentral heat
Heat,FR,180.96279103267247,130.75654828766966,76.83132922452765,residential urban decentral heat
Heat,GB,215.36856062451028,154.48069053617263,88.38984516617498,residential urban decentral heat
Heat,GR,29.82985316987728,21.209615558117633,12.00648214783151,residential urban decentral heat
Heat,HR,10.30669118471146,7.521332098350548,4.534453954876813,residential urban decentral heat
Heat,HU,31.233545702352384,22.709483970179548,13.676868660622274,residential urban decentral heat
Heat,IE,13.01186939188847,9.326886557289091,5.311354834714549,residential urban decentral heat
Heat,IT,150.46478944519302,108.29999646339633,62.54383955698951,residential urban decentral heat
Heat,LT,4.2709028307607575,3.689320581229506,3.087575448014677,residential urban decentral heat
Heat,LU,2.9082849537762447,2.1000756054040455,1.2474560783428488,residential urban decentral heat
Heat,LV,4.161868534400465,3.4460055151512305,2.695174328764079,residential urban decentral heat
Heat,ME,0.7854796377390172,0.5609351559059231,0.3180081459853223,residential urban decentral heat
Heat,MK,0.7868559889004961,0.6700469742599835,0.5467483621246525,residential urban decentral heat
Heat,NL,62.38082194490045,45.069994013857126,26.288295407603812,residential urban decentral heat
Heat,NO,10.550873825475628,7.718230635617658,4.581712388595809,residential urban decentral heat
Heat,PL,63.90224711512008,50.466133713238605,36.20050627733496,residential urban decentral heat
Heat,PT,6.301058558563563,4.689371822727601,2.7891860243667095,residential urban decentral heat
Heat,RO,23.866270295258715,18.34215083008921,12.48427210869704,residential urban decentral heat
Heat,RS,6.484532617746942,5.382683966500672,4.215987231551449,residential urban decentral heat
Heat,SE,27.273585761808864,22.861791364458817,18.23637875067801,residential urban decentral heat
Heat,SI,4.016202011865185,3.0095745804088723,1.9171202946252643,residential urban decentral heat
Heat,SK,6.260772723555129,4.974519059377613,3.608478760599826,residential urban decentral heat
Storage charging,AT,0.0661180604017321,0.4033846737914234,0.4510586125632541,residential urban decentral heat
Storage charging,BE,0.2381259250582271,0.5983335808269319,0.9239382274679552,residential urban decentral heat
Storage charging,BG,0.2402760372605971,0.7266784642462472,0.6467416966792204,residential urban decentral heat
Storage charging,CH,0.0670825352625847,0.3316348503164817,0.6184166737723119,residential urban decentral heat
Storage charging,CZ,0.1017757138916842,0.4646696155817966,0.4968193169809877,residential urban decentral heat
Storage charging,DE,0.4125295526740424,2.980504316016418,2.7101907175693287,residential urban decentral heat
Storage charging,DK,0.1684006083929085,0.2529468105694202,0.4298653822071155,residential urban decentral heat
Storage charging,ES,4.040545136052595,3.231481788875498,2.89298669431241,residential urban decentral heat
Storage charging,FI,0.0808077229439766,0.2409912202610545,0.2313296772795098,residential urban decentral heat
Storage charging,FR,3.238013005885004,4.14293853564299,3.560495456120106,residential urban decentral heat
Storage charging,GB,1.2034147943246665,2.735042578932404,3.4826232939300557,residential urban decentral heat
Storage charging,GR,1.3785225577364424,1.4208473385368467,1.1779078665558418,residential urban decentral heat
Storage charging,HR,0.0791642363219277,0.2180000402358808,0.1677812161484456,residential urban decentral heat
Storage charging,HU,0.0522804890771154,0.6197843181553644,0.5442392185464208,residential urban decentral heat
Storage charging,IE,0.0562820547650455,0.1988524987082063,0.2516849861551794,residential urban decentral heat
Storage charging,IT,12.518075371241174,7.654858925834471,6.412769375039719,residential urban decentral heat
Storage charging,LV,0.0588224547099411,0.096694343810658,0.1558237809897572,residential urban decentral heat
Storage charging,NL,0.1537977032436162,0.8446940605711508,1.0755837658865277,residential urban decentral heat
Storage charging,NO,0.0650593803868496,0.0428834343517003,0.2730174064363122,residential urban decentral heat
Storage charging,PL,0.1250920568736033,1.1832654746423363,0.8726976646521165,residential urban decentral heat
Storage charging,PT,0.2416943810854631,0.2361434114473763,0.2389740691559915,residential urban decentral heat
Storage charging,RO,0.0887563087214713,1.2559545590184125,1.3672824480855772,residential urban decentral heat
Storage charging,RS,0.041842891652625,0.1076427331404372,0.2497668012434701,residential urban decentral heat
Storage charging,SE,0.1237100722637217,0.3017621601149103,0.4495877415591512,residential urban decentral heat
Storage charging,SK,0.0343464449767054,0.1639244144246232,0.1194851614351689,residential urban decentral heat
Agriculture,AT,3.3380974776703924,3.3380974776703924,3.3380974776703924,services rural heat
Agriculture,BE,5.349606793884194,5.349606793884194,5.349606793884194,services rural heat
Agriculture,BG,1.3111580530137126,1.3111580530137126,1.3111580530137126,services rural heat
Agriculture,CZ,3.3373340598974406,3.3373340598974406,3.3373340598974406,services rural heat
Agriculture,DE,5.521472224429718,5.521472224429718,5.521472224429718,services rural heat
Agriculture,DK,4.878196128031018,4.878196128031018,4.878196128031018,services rural heat
Agriculture,EE,0.7096124761044406,0.7096124761044406,0.7096124761044406,services rural heat
Agriculture,ES,15.34247769468823,15.34247769468823,15.34247769468823,services rural heat
Agriculture,FI,6.905567039616237,6.905567039616237,6.905567039616237,services rural heat
Agriculture,FR,34.64087907321249,34.64087907321249,34.64087907321249,services rural heat
Agriculture,GB,4.588107048726044,4.588107048726044,4.588107048726044,services rural heat
Agriculture,GR,3.264854227440644,3.264854227440644,3.264854227440644,services rural heat
Agriculture,HR,2.055925545342164,2.055925545342164,2.055925545342164,services rural heat
Agriculture,HU,3.4204675020930733,3.4204675020930733,3.4204675020930733,services rural heat
Agriculture,IE,1.5437114175107054,1.5437114175107054,1.5437114175107054,services rural heat
Agriculture,IT,15.575365448908833,15.575365448908833,15.575365448908833,services rural heat
Agriculture,LT,0.9069759779937157,0.9069759779937157,0.9069759779937157,services rural heat
Agriculture,LU,0.184743168539997,0.184743168539997,0.184743168539997,services rural heat
Agriculture,LV,0.9802403436071968,0.9802403436071968,0.9802403436071968,services rural heat
Agriculture,NL,31.554509594709643,31.554509594709643,31.554509594709643,services rural heat
Agriculture,PL,34.99746023440521,34.99746023440521,34.99746023440521,services rural heat
Agriculture,PT,1.9882677641517392,1.9882677641517392,1.9882677641517392,services rural heat
Agriculture,RO,2.3989088601921216,2.3989088601921216,2.3989088601921216,services rural heat
Agriculture,SE,2.999416768482414,2.999416768482414,2.999416768482414,services rural heat
Agriculture,SI,0.5294209566488663,0.5294209566488663,0.5294209566488663,services rural heat
Agriculture,SK,1.1348010240616648,1.1348010240616648,1.1348010240616648,services rural heat
Services,AL,0.3841499028019601,0.3501329923331432,0.3161160818643262,services rural heat
Services,AT,7.255367360091098,6.582230226410951,5.909093092730805,services rural heat
Services,BA,1.121023866668128,1.0171670435150564,0.913310220361985,services rural heat
Services,BE,1.4434497470409031,1.3052341944031438,1.167018641765384,services rural heat
Services,BG,1.5275559754254464,1.4002495528246397,1.272943130223833,services rural heat
Services,CH,4.21216691292392,3.8150817629029024,3.417996612881884,services rural heat
Services,CZ,6.521672582870219,5.891190494674234,5.260708406478249,services rural heat
Services,DE,46.71771926742516,42.54804554462037,38.37837182181557,services rural heat
Services,DK,0.9338751771664973,0.8462665039241007,0.758657830681704,services rural heat
Services,EE,0.880431388132183,0.7955261970329415,0.7106210059336996,services rural heat
Services,ES,10.532565537607647,9.662586244453506,8.792606951299362,services rural heat
Services,FI,3.571045034146392,3.221596485364372,2.872147936582352,services rural heat
Services,FR,29.241566961051344,26.52855145351424,23.815535945977135,services rural heat
Services,GB,18.68371199188338,16.97886233039495,15.274012668906517,services rural heat
Services,GR,1.598917637205913,1.4877696560839755,1.3766216749620372,services rural heat
Services,HR,1.626386877361954,1.4859261065685738,1.3454653357751931,services rural heat
Services,HU,6.650256053032847,5.9987190313378935,5.34718200964294,services rural heat
Services,IE,2.582557357885603,2.360268878224111,2.1379803985626173,services rural heat
Services,IT,26.500324045830933,24.19408003851272,21.8878360311945,services rural heat
Services,LT,1.2242480222106673,1.1102527235568744,0.9962574249030816,services rural heat
Services,LU,0.1375742329923085,0.1246063819887887,0.111638530985269,services rural heat
Services,LV,1.3207637526627627,1.1968837600161912,1.07300376736962,services rural heat
Services,MK,0.5506927175845525,0.5013078069969946,0.4519228964094366,services rural heat
Services,NL,3.2910350697606736,2.9991156699213284,2.7071962700819823,services rural heat
Services,NO,1.9447008716055716,1.7788795935553192,1.6130583155050668,services rural heat
Services,PL,23.135011846308203,20.91452289838667,18.694033950465133,services rural heat
Services,PT,2.8026795768064474,2.586898530567758,2.371117484329068,services rural heat
Services,RO,6.06130797777927,5.501735346406326,4.94216271503338,services rural heat
Services,RS,3.1317373924717455,2.8415987913209033,2.55146019017006,services rural heat
Services,SE,3.5085299457412567,3.1832480460087793,2.8579661462763024,services rural heat
Services,SI,1.6943460954060932,1.5336630145448984,1.3729799336837034,services rural heat
Services,SK,4.786714286677402,4.323681308085952,3.8606483294945018,services rural heat
Storage charging,BG,0.009193214421425,0.1350738364149129,0.1715092034947042,services rural heat
Storage charging,CZ,0.0288887887682728,0.077512423803296,0.3561019503973578,services rural heat
Storage charging,DE,9.86798806471603e-06,0.6675955248718153,1.1927907828468411,services rural heat
Storage charging,ES,2.6110301235499653,1.3391986652245338,1.533890920933477,services rural heat
Storage charging,FR,0.0001211873327272,0.9226294563256616,1.1794795607629502,services rural heat
Storage charging,GB,0.009847016131623847,0.3319702796961256,0.5237922357566773,services rural heat
Storage charging,HU,0.0539769145858862,0.2282689024897509,0.3577248827094672,services rural heat
Storage charging,IT,0.5635940883472039,0.9113134652065398,1.0601887384762692,services rural heat
Storage charging,PL,0.0893856502411472,0.488501553726186,0.7630299121701097,services rural heat
Storage charging,PT,0.1789474716185074,0.1614570253342983,0.1685099524459309,services rural heat
Storage charging,RO,0.0104965024706678,0.3797077809917885,0.4879360798097754,services rural heat
Storage charging,SK,0.0220912342357626,0.1209801909752382,0.1644513432664189,services rural heat
Heat,AL,0.33461802426994,0.2380388042433083,0.1343202007822133,services urban decentral heat
Heat,AT,8.936823240679885,6.711176040383695,4.353261213175696,services urban decentral heat
Heat,BA,0.528691186711659,0.3945405334221797,0.2522909829634521,services urban decentral heat
Heat,BE,24.73476105101084,17.498448630053783,9.842287484457218,services urban decentral heat
Heat,BG,2.8247441688792696,2.1445465592851476,1.4104439452505526,services urban decentral heat
Heat,CH,11.061623131402383,7.916747671742143,4.581690243736134,services urban decentral heat
Heat,CZ,10.54809246218947,7.995168706504151,5.314043957275177,services urban decentral heat
Heat,DE,108.39947372321294,79.25778915196332,48.078546673904626,services urban decentral heat
Heat,DK,7.1318033338507085,5.448255141864708,3.6715982613048173,services urban decentral heat
Heat,EE,0.8035293213366768,0.7054224599794312,0.6055775078242095,services urban decentral heat
Heat,ES,35.42848184512278,25.367512170263456,14.427203946915759,services urban decentral heat
Heat,FI,8.948332361954296,7.336293523663985,5.665170268624926,services urban decentral heat
Heat,FR,93.280270041478,67.04096250154343,39.13622207872803,services urban decentral heat
Heat,GB,80.26962292017005,57.079926223618045,32.31888572065308,services urban decentral heat
Heat,GR,5.46947093000382,3.982196329493091,2.3188812945496418,services urban decentral heat
Heat,HR,1.973363513121942,1.4430712700770414,0.872197256441745,services urban decentral heat
Heat,HU,11.95843251055855,8.657372625277672,5.186160032643217,services urban decentral heat
Heat,IE,4.136095082584418,2.950313317616307,1.6702842896621315,services urban decentral heat
Heat,IT,51.0820794573483,36.61905059295811,21.04494184428196,services urban decentral heat
Heat,LT,1.2147711324217711,1.04583319771555,0.8716612090315001,services urban decentral heat
Heat,LU,1.7650572208789097,1.2776816912178943,0.7612549899096214,services urban decentral heat
Heat,LV,1.3165818663929816,1.085609025296066,0.8447659993228949,services urban decentral heat
Heat,MK,0.2555485270858604,0.2158324533005575,0.1743781547224798,services urban decentral heat
Heat,NL,31.467733605833946,22.60060788862382,13.088113102006432,services urban decentral heat
Heat,NO,6.531714588045482,4.718172945770641,2.7590829399367784,services urban decentral heat
Heat,PL,21.17725193697204,16.588129579465736,11.78015731634466,services urban decentral heat
Heat,PT,3.996210485226375,2.8795932415796215,1.650772945732786,services urban decentral heat
Heat,RO,4.794066645944491,3.679288181194925,2.499969647426812,services urban decentral heat
Heat,RS,2.08984522303144,1.719710722904614,1.3327906662093498,services urban decentral heat
Heat,SE,10.804674424473662,9.014757250469756,7.150039843069594,services urban decentral heat
Heat,SI,1.2753696646903183,0.9418187244277988,0.5893742852514263,services urban decentral heat
Heat,SK,3.960938087674299,3.11674699912672,2.234081701259031,services urban decentral heat
Storage charging,AT,0.0396844958565065,0.2223512637656229,0.294445734300374,services urban decentral heat
Storage charging,BE,0.1777494051881347,0.2729436014915173,0.6230999327152223,services urban decentral heat
Storage charging,BG,0.077335219728771,0.2227168374951778,0.198263868715514,services urban decentral heat
Storage charging,CH,0.0488075678598008,0.2992990408553656,0.3972799438395327,services urban decentral heat
Storage charging,CZ,0.0608633257824776,0.1944460226892784,0.281401549072168,services urban decentral heat
Storage charging,DE,0.5987012124468456,1.913911853781707,2.321573986004223,services urban decentral heat
Storage charging,DK,0.0875323187282271,0.0970813318019574,0.20906665120430118,services urban decentral heat
Storage charging,ES,1.440670514652172,1.1809005505621997,1.061848105860945,services urban decentral heat
Storage charging,FR,2.398619748130491,2.4907691481997296,2.6771398461630835,services urban decentral heat
Storage charging,GB,0.4436797157182288,1.1976246382188969,1.8415307864819048,services urban decentral heat
Storage charging,GR,0.2613091131329367,0.2679601648924803,0.2901441064407441,services urban decentral heat
Storage charging,HU,0.0748458974219647,0.3948163088315702,0.3174614735085402,services urban decentral heat
Storage charging,IT,5.483720786795825,2.5853319464419537,2.2266858200415296,services urban decentral heat
Storage charging,NL,0.2476668809385012,0.5160580111704,0.8493356947361611,services urban decentral heat
Storage charging,NO,0.0552510065670787,0.0497879622254213,0.1992147155830405,services urban decentral heat
Storage charging,PL,0.0913512830837178,0.5961118827483557,0.5598259673085991,services urban decentral heat
Storage charging,PT,0.314764187982788,0.1917756733713008,0.1764551211730471,services urban decentral heat
Storage charging,RO,0.0192061476497827,0.2730892197800808,0.3052562922167007,services urban decentral heat
Storage charging,SE,0.0561577751619956,0.0950729942065737,0.2122117909279051,services urban decentral heat
BioSNG,LV,6.9536422680597855e-06,4.435924928018959e-06,0.6245959441345589,solid biomass
CHP,AL,0.2386862937424065,0.3193651004082444,0.42234520408804305,solid biomass
CHP,AT,9.792799028615947,10.88067962628017,7.637625835997751,solid biomass
CHP,BA,0.5629948851684602,0.6590671778960292,0.7407917676987907,solid biomass
CHP,BG,6.33089094766309,6.94035883225772,9.645550355573894,solid biomass
CHP,CH,5.374012915502812,8.993832831806287,7.273450934212135,solid biomass
CHP,CZ,23.698283307986465,20.350183508791417,20.00930334019069,solid biomass
CHP,DE,61.691356871362764,60.61538264431279,46.26768841985869,solid biomass
CHP,DK,2.6419614993379104,3.6633464655104326,3.9828290973642506,solid biomass
CHP,EE,2.377846080367417,2.5785255623072816,2.2643368075715893,solid biomass
CHP,ES,12.85333450468856,10.37253002957732,8.706427318622278,solid biomass
CHP,FR,12.18795416963679,13.814793581525871,20.705917603033573,solid biomass
CHP,GR,0.6019850424519861,0.9197109598419893,0.6854965558668316,solid biomass
CHP,HR,3.1166636254813667,3.4493834904131,3.3660847772209803,solid biomass
CHP,HU,11.595485763274656,13.128515025299565,14.368631659243396,solid biomass
CHP,IT,1.8562638728732343e-05,0.29981788864216496,0.18319328014039282,solid biomass
CHP,LT,5.161522188176188,5.523652440596153,5.993777014530577,solid biomass
CHP,LV,6.882991318741147,6.9339931006257345,7.065885122756291,solid biomass
CHP,MK,0.414557227921258,0.4162454416527928,0.2823200955360203,solid biomass
CHP,NO,5.9211306736737084e-05,2.5210310054234055,1.6284877619466096,solid biomass
CHP,PL,32.738497966740795,38.07937365795561,37.67313950730764,solid biomass
CHP,RO,20.374658067072065,17.51073194545171,22.837966725080243,solid biomass
CHP,RS,3.5606080034626957,3.534570812333265,2.5242776045077013,solid biomass
CHP,SE,30.642539596130582,29.403372579946566,26.097241711842194,solid biomass
CHP,SI,1.7825489828341277,2.4675152743288504,2.98643091587758,solid biomass
CHP,SK,7.480004221893395,6.674104629526395,7.174996060057122,solid biomass
Heat,AL,1.3672773700242178,1.2866736907890237,1.0958168610453962,solid biomass
Heat,AT,1.6216033917469086,0.5337278462986308,0.8123441306800012,solid biomass
Heat,BA,0.8925238960279285,0.7964177872615015,0.5936478263910308,solid biomass
Heat,BG,13.728241326810794,13.118785743946304,9.94358997144239,solid biomass
Heat,CH,5.862512683415187,2.2426971475286175,3.1753071460328672,solid biomass
Heat,CZ,3.742683313367118e-05,3.3481353568094816,2.3623537178522147,solid biomass
Heat,DK,6.558917760577796,5.537544369898478,4.422512698404685,solid biomass
Heat,EE,1.9753441037485695,1.7746673850900927,1.8321944365229341,solid biomass
Heat,ES,11.568882796166825,14.049694603650728,10.35469314088495,solid biomass
Heat,FR,51.70378223720019,51.15286676471045,36.10619001565035,solid biomass
Heat,GR,2.37693236597662,2.059210529243936,1.5856520621419992,solid biomass
Heat,HR,1.2737009563090913,0.9409891087627263,0.6565200296499405,solid biomass
Heat,HU,11.182899701251843,9.649875156411987,7.575322657338374,solid biomass
Heat,IT,0.4498318785229695,0.15004268791011544,0.07039748165338049,solid biomass
Heat,LT,6.829411817932817,6.467278203923408,5.722715745163855,solid biomass
Heat,LV,10.420426797763586,10.369440411958843,9.187396255172992,solid biomass
Heat,MK,0.4489987734484925,0.44730853378582897,0.5456829353364788,solid biomass
Heat,NO,7.987294912818338,5.466328695555216,5.329987212484614,solid biomass
Heat,PL,20.90790472476902,15.567034504138764,11.941051221710808,solid biomass
Heat,PT,3.822946168658908,3.8229774916099197,1.8630080598648595,solid biomass
Heat,RO,35.19812043497167,38.062055102750385,31.597044635548652,solid biomass
Heat,RS,0.8660651605483441,0.8921006294410951,1.4190809594138367,solid biomass
Heat,SE,13.955139244814458,15.194314934014352,11.86156039322918,solid biomass
Heat,SI,6.130537906105427,5.44557319189392,4.5399921578067675,solid biomass
Heat,SK,4.0334343533735595,4.839342196258951,3.6540093538673943,solid biomass
Industry,AL,0.5000004970181464,0.5000006095452492,0.5555540740697912,solid biomass
Industry,AT,26.680001093835923,26.680000837258216,29.64443996873549,solid biomass
Industry,BA,1.0900005885626542,1.0900007126883366,1.2111084390739548,solid biomass
Industry,BE,23.25000054056895,23.250000405944085,23.250001294949488,solid biomass
Industry,BG,4.2300011083115026,4.230001075854588,4.699998926315786,solid biomass
Industry,CH,7.0900011191767565,7.0900009194786335,7.87777389691682,solid biomass
Industry,CZ,11.940001023364719,11.940000835357695,13.266663810911089,solid biomass
Industry,DE,129.13000096362958,129.13000089552534,143.47777345530355,solid biomass
Industry,DK,7.160002023364112,7.160001801937212,7.955551741754261,solid biomass
Industry,EE,2.3100007195079937,2.31000100255026,2.5666653365292373,solid biomass
Industry,ES,48.25000202535712,48.25000537177152,53.611109850358865,solid biomass
Industry,FI,55.27000055356264,55.27000039777258,55.270000779710955,solid biomass
Industry,FR,73.40000121774213,73.40000123081074,81.5555536602439,solid biomass
Industry,GB,48.94000064031816,48.94000049293513,48.94000136415531,solid biomass
Industry,GR,6.370001185335453,6.370001048178771,7.077776054219979,solid biomass
Industry,HR,3.3100009168073825,3.310000903008186,3.6777737112319357,solid biomass
Industry,HU,7.510001165873569,7.510000922530883,8.344440649568813,solid biomass
Industry,IE,5.640000347179685,5.640000236601662,5.640000573342422,solid biomass
Industry,IT,62.51000163191396,62.510001358123354,62.706274497702246,solid biomass
Industry,LT,2.470000741482055,2.4700009503869405,2.7444427828129863,solid biomass
Industry,LU,0.7300003348810856,0.7300003589962986,0.7300037083619935,solid biomass
Industry,LV,3.8300010365115407,3.8300012214662145,4.2555545364613945,solid biomass
Industry,ME,0.2900003609107171,0.2900003978051914,0.32221763602690146,solid biomass
Industry,MK,0.32000041836433024,0.32000051539051066,0.355554252475919,solid biomass
Industry,NL,22.990000556284,22.990000418291586,22.990001177398984,solid biomass
Industry,NO,9.260001044070865,9.260000781982349,10.28888592144934,solid biomass
Industry,PL,36.290001097521746,36.29000092494173,40.322219421214385,solid biomass
Industry,PT,17.640001453992724,17.640005709129127,19.599996061258544,solid biomass
Industry,RO,10.240001308102746,10.240000960990065,11.377775858860753,solid biomass
Industry,RS,4.350001012548974,4.350000955393361,4.83332982319826,solid biomass
Industry,SE,59.75000106195344,59.750000865610374,66.38888659877686,solid biomass
Industry,SI,3.480000910207959,3.4800009364572286,3.866664367955319,solid biomass
Industry,SK,6.1600011579778196,6.160000889735014,6.844441824656023,solid biomass
Heat,AL,0.4355470358468756,0.797515539585655,1.206561679129265,urban central heat
Heat,AT,17.584796354805384,21.53070425095553,26.02194009810141,urban central heat
Heat,BA,1.0901173556575126,1.3776907030386951,1.7088631865502768,urban central heat
Heat,BE,20.605211750147195,36.44574862583692,54.081794653884614,urban central heat
Heat,BG,6.904263362181445,8.524856600541982,10.418832696963168,urban central heat
Heat,CH,12.332222791739053,19.72554038449314,27.964569753624744,urban central heat
Heat,CZ,25.366381776576368,29.557405557461767,34.34239274194695,urban central heat
Heat,DE,149.10557986313836,212.1503038711788,283.01256811816523,urban central heat
Heat,DK,19.796398125904286,22.82804306885501,26.341150360294385,urban central heat
Heat,EE,4.966226829680195,4.606712559208316,4.256577524084359,urban central heat
Heat,ES,27.56564057472794,50.978581722780596,78.04313716017552,urban central heat
Heat,FI,31.70129731647227,31.48387276431512,31.526205080594448,urban central heat
Heat,FR,90.7858419192612,142.31889866810215,200.04402599811604,urban central heat
Heat,GB,78.62989542224499,139.53099462536974,208.22256077977835,urban central heat
Heat,GR,9.380331353615013,16.609403311909716,24.71125193810748,urban central heat
Heat,HR,4.740344502312571,6.8942009449891914,9.326473339524512,urban central heat
Heat,HU,17.306272965613932,24.532242617024092,32.53872449588297,urban central heat
Heat,IE,4.328815422214497,7.941813669079429,12.043327489549776,urban central heat
Heat,IT,57.25010338850463,98.01647046273374,144.19064791719325,urban central heat
Heat,LT,7.598010080165666,7.1992434176298525,6.829683233404655,urban central heat
Heat,LU,1.766668777564642,2.5736074087067298,3.46502659273551,urban central heat
Heat,LV,6.1394284078822645,6.097130684507998,6.106397065950027,urban central heat
Heat,ME,0.2050320497691822,0.3750808636984137,0.5668293797641045,urban central heat
Heat,MK,1.2931761583227923,1.2638287021266812,1.2439432415613023,urban central heat
Heat,NL,28.497848328553648,46.99423865066075,67.92430467907765,urban central heat
Heat,NO,5.3660674920281926,8.756051249957785,12.662871941718713,urban central heat
Heat,PL,70.54650649544647,76.05376633198065,82.76664469909733,urban central heat
Heat,PT,2.6131797606239244,4.905650776055896,7.65892922342163,urban central heat
Heat,RO,19.739217734918476,22.564495270102373,25.847817029313653,urban central heat
Heat,RS,9.43624467607396,9.45700393169962,9.571641873637374,urban central heat
Heat,SE,45.146459080442725,44.30317496867814,43.7915720742146,urban central heat
Heat,SI,2.5906131747047407,3.396943959382355,4.323703150287291,urban central heat
Heat,SK,8.796351489886087,9.369384158042088,10.078416796706527,urban central heat
Industry,AT,1.51,1.4999999999999998,1.49,urban central heat
Industry,BE,2.6199999999999997,2.609999999999999,2.609999999999999,urban central heat
Industry,BG,0.4900000000000001,0.4900000000000001,0.4900000000000001,urban central heat
Industry,CH,0.7100000000000001,0.7100000000000001,0.7100000000000001,urban central heat
Industry,CZ,1.3,1.3,1.29,urban central heat
Industry,DE,13.389999999999995,13.36,13.34,urban central heat
Industry,DK,0.5399999999999997,0.5399999999999997,0.5399999999999997,urban central heat
Industry,EE,0.1299999999999999,0.1299999999999999,0.1299999999999999,urban central heat
Industry,ES,4.33,4.33,4.320000000000002,urban central heat
Industry,FI,1.7700000000000005,1.7700000000000005,1.7600000000000002,urban central heat
Industry,FR,6.37,6.3599999999999985,6.350000000000001,urban central heat
Industry,GB,5.67,5.659999999999999,5.650000000000001,urban central heat
Industry,GR,0.4200000000000001,0.4200000000000001,0.4200000000000001,urban central heat
Industry,HR,0.2599999999999999,0.2599999999999999,0.2599999999999999,urban central heat
Industry,HU,0.8400000000000002,0.8400000000000002,0.8400000000000002,urban central heat
Industry,IE,0.4699999999999998,0.4699999999999998,0.4699999999999998,urban central heat
Industry,IT,5.949999999999998,5.949999999999998,5.940000000000002,urban central heat
Industry,LT,0.1399999999999999,0.1399999999999999,0.1399999999999999,urban central heat
Industry,LV,0.16,0.16,0.16,urban central heat
Industry,NL,3.6799999999999993,3.6799999999999993,3.670000000000001,urban central heat
Industry,NO,0.8900000000000003,0.8900000000000003,0.8900000000000003,urban central heat
Industry,PL,2.1600000000000006,2.15,2.15,urban central heat
Industry,PT,1.02,1.02,1.02,urban central heat
Industry,RO,1.07,1.07,1.07,urban central heat
Industry,RS,0.4699999999999998,0.4699999999999998,0.4699999999999998,urban central heat
Industry,SE,2.0699999999999994,2.0600000000000005,2.0600000000000005,urban central heat
Industry,SI,0.2299999999999999,0.2299999999999999,0.2299999999999999,urban central heat
Industry,SK,0.3499999999999998,0.3499999999999998,0.34,urban central heat
Storage charging,AL,0.0207912462333878,0.1665380088390531,2.193470200688081,urban central heat
Storage charging,AT,0.3115536157288385,1.1899733238879218,4.220455939754216,urban central heat
Storage charging,BA,0.0334657844524674,0.2448597265045921,0.4579332575730883,urban central heat
Storage charging,BE,0.2819144590052541,2.6573907510210857,10.591719401563022,urban central heat
Storage charging,BG,0.7486243509221527,1.1917117337158345,2.6084960025166692,urban central heat
Storage charging,CH,0.2182394630390898,1.9311835721302335,4.880693828913385,urban central heat
Storage charging,CZ,0.243962818513416,1.3444123266309045,4.179902897838966,urban central heat
Storage charging,DE,1.0938269047497045,10.340449953584976,48.23124451547688,urban central heat
Storage charging,DK,0.5263673000655722,0.8015963637866931,4.290280548718011,urban central heat
Storage charging,EE,0.1034064188320473,0.1189476350157012,1.1989682687946428,urban central heat
Storage charging,ES,5.089826661861565,13.955267610804325,37.02414039650129,urban central heat
Storage charging,FI,0.369745022536419,0.389442536932835,3.984308488784065,urban central heat
Storage charging,FR,11.694338807167458,14.111532902393089,45.78665906278959,urban central heat
Storage charging,GB,2.1219266006525426,17.191139365379254,52.90217534060833,urban central heat
Storage charging,GR,1.1358527454193688,2.19431482022088,9.950145487786854,urban central heat
Storage charging,HR,0.2740671767597739,0.6815617574662595,1.8397859863149912,urban central heat
Storage charging,HU,0.9091076696759256,1.8592283787244008,5.449561052215507,urban central heat
Storage charging,IE,0.0809797630944525,0.827397903895955,6.242966377328962,urban central heat
Storage charging,IT,19.439066773394277,13.426998014830808,40.16833295716707,urban central heat
Storage charging,LT,0.1519183670066546,0.2472898960403899,0.7011714282360684,urban central heat
Storage charging,LU,0.0241431035754552,0.1213915983012231,0.5846213799031246,urban central heat
Storage charging,LV,0.7056389843949531,0.7832161307451763,0.8446850862750209,urban central heat
Storage charging,ME,0.0148687136375294,0.1130384860627018,0.3010235030911425,urban central heat
Storage charging,MK,0.0774476453066482,0.1932770151911094,1.6975390135607298,urban central heat
Storage charging,NL,0.4948884477972596,3.5342776740198207,12.769364284547756,urban central heat
Storage charging,NO,0.7012843627438103,1.10988549366006,1.275127974005123,urban central heat
Storage charging,PL,1.271663350500691,4.875916912078257,11.40941767742731,urban central heat
Storage charging,PT,1.3582105994349605,1.6492147607626049,3.718334214325848,urban central heat
Storage charging,RO,2.4960872499793783,3.013219436835736,5.0474186939212595,urban central heat
Storage charging,RS,0.2552748138616219,1.2036867163555365,2.597143250674418,urban central heat
Storage charging,SE,0.6263757349073731,1.5653630071226434,3.92038031105178,urban central heat
Storage charging,SI,0.1348134347208459,0.3629855658957852,0.6921969641639139,urban central heat
Storage charging,SK,0.5169521368701272,0.651111775416547,1.4064496999296228,urban central heat
