country,sector,2023,2030,2035,2040,2045,2050
AL,Battery,9.450252059632152e-06,0.085219541349083,0.1034833781233971,0.1206068922260917,1.0206601284276025,1.0997462694584863
AL,Biomass CHP,0.0058235239455475,0.024034500311617,0.0306778865731531,0.0378131329026421,0.0454810075465047,0.0504250885646385
AL,Biomass CHP CC,4.01457098741575e-07,1.6197903203459582e-07,2.372324433299204e-07,2.97373576554647e-07,3.701643387208143e-07,6.676141044161274e-07
AL,Gas,2.041648072301439e-06,2.631871533891315e-06,3.840200029222845e-06,4.766563533988492e-06,5.248036821481734e-06,5.682820956884588e-06
AL,Gas CHP,2.564079237271384e-06,1.1325576130936323e-06,1.6858105869864549e-06,2.1399524137621004e-06,2.3651704218616243e-06,2.5783048427747234e-06
AL,Gas CHP CC,7.617727021498146e-07,4.831418888011088e-07,7.241805171234751e-07,9.240686099162724e-07,1.0668783880883388e-06,1.194138620116015e-06
AL,Hydroelectricity,1.7389,1.7389,1.7389,1.7389,1.7389,1.7389
AL,Oil,0.0898545430580946,0.0898554987223256,0.0898559447956115,0.0898563116029178,0.0898565089982216,0.0898566874839771
AL,Solar,0.162,2.364223591897001,2.829932510773766,3.5477186603457165,5.432345740517687,5.432346798753817
AT,Battery,9.460212442736072e-06,8.64012929163738e-06,1.3930474808347684e-05,2.070795957736197e-05,2.578952865934343e-05,2.351135566007247e-05
AT,Biomass CHP,0.7656783414817673,1.011295357981788,1.011296535130875,1.0112971854205892,1.021223419073876,1.0212237699330051
AT,Biomass CHP CC,6.754371452091579e-07,1.5946260064313537e-07,2.333379604670071e-07,2.929226139355765e-07,3.8406891442343267e-07,0.0422894486552349
AT,Gas,2.8192019991121273,2.8192025843147404,2.819203810969725,1.3170048056013173,0.8380053709231885,0.8380058779200578
AT,Gas CHP,2.4935002580471486e-06,1.1922021475326372e-06,1.7830382842458935e-06,2.277423760127286e-06,2.552461131396596e-06,2.8139738978099733e-06
AT,Gas CHP CC,7.691716893049073e-07,5.915511999733362e-07,8.524774378204612e-07,1.0803978728188227e-06,1.3254307135016391e-06,1.5120100382549117e-06
AT,Hydroelectricity,13.46042,13.46042,13.46042,13.46042,13.46042,13.46042
AT,Onwind,3.977236,3.9272378652474687,3.927239131150328,3.152021460642109,2.9614133296923772,1.4885167971852769
AT,Solar,6.832686,9.09018888963024,17.73240073520776,24.093867003473243,24.093868968498537,24.0718723206012
BA,Battery,9.357215647184516e-06,2.5097476554786258e-05,0.0502514767927431,0.1073291629479917,0.5121508308976089,1.023267716045973
BA,Biomass CHP,0.010811687042406,0.0482447041846946,0.0624417102336365,0.0778403363821185,0.0889729575007442,0.1043717606974585
BA,Biomass CHP CC,4.211686971647647e-07,1.6150611339418958e-07,2.3664250864915845e-07,2.970369275343981e-07,3.66805634398417e-07,8.672427872922996e-07
BA,Coal/Lignite,0.838,0.5690007100400838,0.3000010090121294,0.3000012462464752,0.3000013643323144,0.3000014775985754
BA,Gas,2.072056887694809e-06,2.596501271957894e-06,3.803287992038077e-06,4.737990441697891e-06,5.232986163548297e-06,5.67958457992267e-06
BA,Gas CHP,2.867635377043991e-06,1.108990243979907e-06,1.6658944444860442e-06,2.1207162680732523e-06,2.3653575427921755e-06,2.6010783805385587e-06
BA,Gas CHP CC,7.790094889209469e-07,4.875671767762277e-07,7.331582776077424e-07,9.349243969181396e-07,1.1360831117239898e-06,1.2893813372167217e-06
BA,Hydroelectricity,2.0545,2.0545,2.0545,2.0545,2.0545,2.0545
BA,Onwind,0.1347,0.1347011618953459,0.1347016220499816,0.134702142204724,0.1347024459170104,0.1347027446818475
BA,Solar,0.1237199999999999,1.560097111748919,3.776284058928727,5.318255603498566,6.038659849721837,8.060744075703166
BE,Battery,2.87850059053628e-05,2.5202603435225816e-05,4.018006376215893e-05,6.0136242561438994e-05,0.0002719360275803,0.0004361131358842
BE,Biomass CHP,0.3781039922181417,0.4746576922862771,0.4724705236483223,0.4924835195804943,0.4924840407956685,0.4924844959637928
BE,Biomass CHP CC,9.494896472983102e-07,4.707113389274119e-07,6.921948604179252e-07,8.772796209500653e-07,9.951177418637776e-07,1.1190119505525252e-06
BE,Gas,4.527305803048672,4.232307680718503,3.1425113252428147,1.949215468868704,1.4502179909322417,1.0640196760452416
BE,Gas CHP,6.842297511843754e-06,3.639062946817645e-06,5.477195880378856e-06,9.092091987862186e-06,1.0957566925962115e-05,1.22247620956865e-05
BE,Gas CHP CC,3.0327208253014614e-06,1.6399217516855734e-06,2.428996386397638e-06,3.3390514024443933e-06,1.5439273115643617,1.5439280434320626
BE,Hydroelectricity,1.400658999125907,1.400658999125907,1.400658999125907,1.400658999125907,1.400658999125907,1.400658999125907
BE,Nuclear,4.034,2.0560021616667816,2.0560032795358576,4.620398583625126e-06,5.477964339709396e-06,6.483685568048394e-06
BE,Offwind,1.7018922439931743,7.999999681006519,7.999999991120264,7.999999991266349,7.999999980463571,7.999999985338474
BE,Oil,0.1586,2.8117043868183763e-06,4.114025540037401e-06,5.385149325360032e-06,5.962182678429951e-06,6.480359175957156e-06
BE,Onwind,3.234166633914255,4.200001206644705,4.200023641217276,4.20000122281486,4.200001646150336,7.944262566069341
BE,Solar,9.89749,9.89763076120614,11.526373184775233,26.045048194084156,31.813036095171853,31.81306552591445
BG,Battery,9.333884837477338e-06,1.4898824461240464e-05,0.1301411867529824,0.4762597105474677,1.857473646407798,1.9958660866102476
BG,Biomass CHP,0.2798475277811666,0.5350989881672105,0.5350995930748507,0.5351000814836337,0.5351003040242421,0.5351005140540682
BG,Biomass CHP CC,5.854926493088262e-07,1.5949627848755853e-07,2.324760806668322e-07,2.917014589590611e-07,3.6347867044000986e-07,6.907856997224275e-07
BG,Coal/Lignite,1.6155537559440214,1.6155544625594171,1.6155547642153294,1.615555003503271,1.615555123002736,1.6155552360076195
BG,Gas,2.1742745466926556e-06,2.9750328868228505e-06,4.282941082069218e-06,5.271340860515908e-06,5.77669109229176e-06,6.218339599857353e-06
BG,Gas CHP,3.7408935957653313e-06,1.160802444960809e-06,1.6988301743557698e-06,2.1266433929474537e-06,2.3478059825284347e-06,2.556044306243901e-06
BG,Gas CHP CC,8.976550629620814e-07,4.935240028237285e-07,7.165804613917107e-07,8.982377823508773e-07,1.000101276732477e-06,1.1002380936747e-06
BG,Hydroelectricity,2.89954,2.89954,2.89954,2.89954,2.89954,2.89954
BG,Nuclear,2.08,2.0800010251757937,3.000000137147251,4.00000017337432,4.0000004513077005,4.000000816858401
BG,Onwind,0.691,0.6910014845032788,0.6910023415978295,0.6910032697553189,0.2110038056811384,4.489147894087853e-06
BG,Solar,2.9481840000000004,9.541572201615288,10.432416972938498,14.364399353098488,17.65595561673984,17.655957331230947
CH,Battery,9.618979354556807e-06,8.708548105921664e-06,1.4147002086103128e-05,2.1315405028839073e-05,2.6428821990710665e-05,2.3010396099208658e-05
CH,Biomass CHP,0.1445969859883207,0.4885634392637566,0.6275165380752542,0.7544046107297866,0.8729865832213053,0.8729880811624622
CH,Biomass CHP CC,5.868376823492021e-07,1.604102603006572e-07,2.361049254326201e-07,2.980353439338525e-07,4.004065908473953e-07,0.1134737120162758
CH,Gas,1.927122656738835e-06,2.4877233201971446e-06,3.680443026411865e-06,4.6268560462413965e-06,5.115076690716185e-06,5.5457633599270285e-06
CH,Gas CHP,1.9511347954415587e-06,1.090811499587204e-06,1.6594092127100528e-06,2.1478627462923936e-06,2.398245959261978e-06,2.63008764569851e-06
CH,Gas CHP CC,6.835098673553867e-07,4.7508418727300246e-07,7.144176835441223e-07,9.353788949472412e-07,1.119260272381315e-06,1.2645038857596026e-06
CH,Hydroelectricity,19.45666,19.45666,19.45666,19.45666,19.45666,19.45666
CH,Nuclear,2.97,2.970000776283844,2.970001261426616,2.970001682149052,2.9700019497667496,2.970002374827185
CH,Onwind,0.075,0.0750011596812805,0.0750017670389081,0.0750023061908507,0.0450025952292083,0.0270029307628854
CH,Solar,5.83992,6.557042344468122,13.059845463855703,20.632489648376225,21.22941854638062,21.21742195992239
CZ,Battery,9.279552725221858e-06,8.58919141402464e-06,1.3716163206922215e-05,2.009207212982418e-05,2.7530438924348516e-05,3.887791358904453e-05
CZ,Biomass CHP,1.0029712819670349,1.372540289634957,1.3725422328900594,1.3725468672797267,1.524033108351517,1.5240333434125952
CZ,Biomass CHP CC,4.833931155925041e-07,1.6142001552662468e-07,2.3597166055046398e-07,2.971291294914421e-07,3.9633786152719625e-07,0.1617263401551995
CZ,Coal/Lignite,0.9101408977363806,0.1032803652545566,0.1032806666387956,0.1032809094567383,0.0645511555129629,1.4788665422047528e-06
CZ,Gas,2.286138382591538e-06,2.665034683193447e-06,3.921734481235215e-06,4.986337367781073e-06,5.618400932582183e-06,6.197290416925974e-06
CZ,Gas CHP,5.41284362494882e-06,1.2117745341712454e-06,1.7979606442517085e-06,2.3471394650129544e-06,2.6439921276862766e-06,2.9111716334832023e-06
CZ,Gas CHP CC,8.6994876916716e-07,5.796631776948222e-07,8.31912334298548e-07,1.0582671220282903e-06,1.2451519249813208e-06,1.3948076726240291e-06
CZ,Onwind,0.339424,0.3394276277015203,0.3394305875653249,0.3174339444223833,0.126437974498633,11.398145314496276
CZ,Solar,2.505695,2.5057182785076884,6.026436417492608,12.212565941386208,23.237418514215666,23.237420866548447
DE,Battery,9.702631849232552e-06,9.299543380587511e-06,1.4792929098152588e-05,2.1602369052750617e-05,3.073522940330439e-05,3.0100472028375265
DE,Biomass CHP,7.7809781346086195,7.080339957106475,6.844655377207861,6.113349068027128,7.742774774814308,7.742776416786976
DE,Biomass CHP CC,2.4395701009230576e-07,1.605817119229851e-07,2.3572333270719605e-07,2.975198229619353e-07,3.891753461613812e-07,0.3121823235606254
DE,Coal/Lignite,29.157390325914413,21.924092176254337,21.011374890477185,5.130470941310483,2.9943431358436468,2.9943432525886773
DE,Gas,22.88853850048582,22.54750183173823,22.384303140400796,19.039275321511777,14.650856096431284,2.837046768884068
DE,Gas CHP,1.7252594192739725e-06,1.2165590029165782e-06,1.847196209096917e-06,2.5783726465493024e-06,3.0101834175920132e-06,3.5115568218875884e-06
DE,Gas CHP CC,5.798081390834748e-07,6.126887573256503e-07,8.893151040381769e-07,1.184896182404586e-06,1.5489244117124945,1.5489248446533417
DE,Hydroelectricity,10.66432335,10.66432335,10.66432335,10.66432335,10.66432335,10.66432335
DE,Nuclear,4.066,8.394744789107402e-07,1.3536759061587883e-06,1.8277028443287716e-06,2.247702467331349e-06,3.0049993870146643e-06
DE,Offwind,8.407000000000002,68.84576251092896,72.65432076861087,75.33639164246169,78.96322157752188,75.76022162536741
DE,Oil,0.8563,0.8209009573049059,0.6134014057461635,0.5161017920734273,0.5161019905114439,0.3590021690931643
DE,Onwind,61.052,54.957019145496005,54.95703438944924,42.80405522313313,73.02696511661573,96.04989775351638
DE,Solar,81.737,81.73710329776827,106.30096222459632,161.93172526194218,212.83547716416635,239.81928563785425
DK,Battery,1.989462385035755e-05,1.8071020397296496e-05,2.8854899223594395e-05,4.1832120252413545e-05,5.122746025289749e-05,4.855663292055239e-05
DK,Biomass CHP,0.5303790196301562,0.8154458918121045,0.9564893608477588,0.9564908826937432,0.9564928941114108,0.9564939141732136
DK,Biomass CHP CC,1.1132442924973578e-06,3.009389578959524e-07,4.510100195373538e-07,5.726065025562955e-07,6.96710906052947e-07,9.001350320869046e-07
DK,Coal/Lignite,2.0680851522099615,0.0479420650087297,0.0479426515418257,0.0479431226501931,0.0479433597927926,2.8654282255823626e-06
DK,Gas,1.103203729657521,0.8402044850523878,0.840206639909875,0.3400084612744863,0.3400095027846696,1.0422662842351276e-05
DK,Gas CHP,3.6933881959100574e-06,2.2005847164856533e-06,3.210569421895406e-06,4.112573140265231e-06,4.63737371741048e-06,5.109707273212378e-06
DK,Gas CHP CC,1.3292938398006066e-06,9.06680345156048e-07,1.3519660186721131e-06,1.7200687711493706e-06,1.953287047011281e-06,2.166090125602497e-06
DK,Offwind,2.6569499999999997,8.251000836666911,17.75080066205415,27.251000376321773,27.251000127490386,37.24210081616453
DK,Onwind,4.855717,18.353251309952142,18.353264599749423,20.255596444614433,35.9250534211252,64.52430095846917
DK,Solar,3.522,3.5220132290301076,3.5220253775573775,4.575675264454489,9.6551363720079,11.429970418993172
EE,Battery,9.638041003530832e-06,8.765624089958885e-06,1.402888744803103e-05,2.0390831768329664e-05,2.4230807530265547e-05,1.9481114963573856e-05
EE,Biomass CHP,0.1583360461894533,0.3103449349551645,0.3103456628185961,0.310346120235399,0.3103463190904318,0.310346489848377
EE,Biomass CHP CC,5.989013109739795e-07,1.5882864337094238e-07,2.3341729347789335e-07,2.943710044094709e-07,3.855536690377513e-07,5.010775180714815e-07
EE,Gas,1.9650872929091367e-06,2.6193376861999864e-06,3.79720975720081e-06,4.6886825351623326e-06,5.141790311723437e-06,5.614694041496788e-06
EE,Gas CHP,2.020233327270468e-06,1.1307268309908036e-06,1.6741484536101078e-06,2.0899937318762523e-06,2.3102321894047247e-06,2.553961612742453e-06
EE,Gas CHP CC,7.242790676379685e-07,4.811534394566087e-07,7.141069540360931e-07,8.929966560262298e-07,9.923134785591554e-07,1.1077393520330275e-06
EE,Onwind,0.4298,0.4298032746236673,0.4298047966998554,0.3988058926426022,0.3218065927767152,0.1118077609212839
EE,Solar,0.6835,0.683505730710409,0.6835174551790161,1.675150305601443,3.0038939587104214,3.0039067290797656
ES,Battery,2.036815254446591e-05,2.746973995503271,3.6435269924462856,17.986098771075397,21.149862457130432,24.24487269626489
ES,Biomass CHP,0.0929161785337084,1.0019395948256555,1.2329758501922723,1.5318848606603137,1.5318857800702348,1.5318864853580032
ES,Biomass CHP CC,2.366852187594153e-06,3.172302274620673e-07,4.6808514870632906e-07,5.871243713277473e-07,7.020833166952688e-07,8.95176593195718e-07
ES,Coal/Lignite,2.1780187283340027,1.4525164957716827,0.909496229504354,0.8444967131355378,0.8444969522367191,0.8444971799768595
ES,Gas,23.432535741811037,23.43253733319524,23.43253997820302,23.432541979658584,9.149430891894657,0.112011730340897
ES,Gas CHP,3.426961623992201e-06,2.172400724965891e-06,3.343954514754929e-06,4.288576133438621e-06,4.738524818373016e-06,5.161941756536013e-06
ES,Gas CHP CC,1.413884583266285e-06,8.663414975791192e-07,1.3433811008021798e-06,1.7511275989565818e-06,2.023897804340668e-06,2.2479506364048106e-06
ES,Hydroelectricity,24.123595247500003,24.123595247500003,24.123595247500003,24.123595247500003,24.123595247500003,24.123595247500003
ES,Nuclear,7.1171999999999995,5.100360017329685,2.5501800802199983,0.5014810174908548,0.5014816090728554,0.501482195008782
ES,Oil,0.466971,0.4669729075116398,0.2717738014689237,0.2309445338552725,0.1359439287615763,0.1359442855311572
ES,Onwind,31.053763999999997,28.84777401147205,28.84778182059036,21.135818328451656,22.560246621302426,27.450536835213523
ES,Solar,28.69390858607036,81.16630462580324,95.5026976266478,136.5040399472529,153.55035993121794,171.02984309410323
FI,Battery,1.0008756678800152e-05,9.319477089133904e-06,1.473549291260606e-05,2.109662523674199e-05,2.4840089634060807e-05,1.924236823175832e-05
FI,Biomass CHP,0.8193307290764195,0.260001434532502,0.3229938465879743,0.4850908816134758,0.48509100851264,0.4850911136004866
FI,Biomass CHP CC,1.3693002695670646e-06,1.4999972342674554e-07,2.2421634291027875e-07,2.858251101282673e-07,3.266313484393746e-07,3.598534154154305e-07
FI,Coal/Lignite,1.6618090435511867,6.676087923615711e-07,9.621625370045698e-07,1.2004428995371524e-06,1.319668325054891e-06,1.4332425718330809e-06
FI,Gas,2.0268017860461693,1.4858022534456932,0.3274033551863877,0.1274042180028783,0.1274046509469381,0.1274050468443317
FI,Gas CHP,1.4919931471092017e-06,1.0901753148826397e-06,1.6267305795523854e-06,2.0541938503012143e-06,2.2763703043532227e-06,2.4791781736206272e-06
FI,Gas CHP CC,6.253502360479126e-07,4.94742729183046e-07,7.275002426689137e-07,9.27137145300676e-07,1.064127466584971e-06,1.1653546941224245e-06
FI,Hydroelectricity,2.74763,2.74763,2.74763,2.74763,2.74763,2.74763
FI,Nuclear,4.362,4.394000018740398,4.3940003683999,4.394000672079724,4.394000692034611,4.3940008525905805
FI,Offwind,0.0673,1.000000000969454,2.950000751379395,4.900000148924313,12.834413546553016,43.39244542227203
FI,Oil,1.187,9.514877497458416e-07,1.3974358695998617e-06,1.762720317338106e-06,1.9599685239299004e-06,2.138175880164931e-06
FI,Onwind,6.887,6.849004482969428,6.849007084435707,6.8050103097573285,6.7163125538428705,5.91401453256994
FI,Solar,0.883,0.8830109378819864,0.8830204252009203,3.019452306332607,9.43157799786138,9.431581755615705
FL,Battery,9.584448727357236e-06,8.423661785469251e-06,1.3476680014392284e-05,2.0051114138370296e-05,5.4301710443668325e-05,7.259761517089992e-05
FL,Biomass CHP,0.268000323851822,0.2680082874951884,0.264606131278231,0.2813377569213818,0.2813379100713961,0.2813380718188624
FL,Biomass CHP CC,1.8683651355203874e-07,1.5460107556104154e-07,2.286746274709909e-07,2.911462452068778e-07,3.276306027946869e-07,3.7092908980548067e-07
FL,Gas,3.1503019412262017,2.855302680870009,2.2305039484150395,1.0372053769230944,1.0372062540186096,0.6510068239820602
FL,Gas CHP,2.335709079894915e-06,1.2414280862365938e-06,1.8795434606959344e-06,3.117294684294419e-06,3.717348804834553e-06,4.134669907174679e-06
FL,Gas CHP CC,1.1732241381353609e-06,5.781257259042162e-07,8.528561085382263e-07,1.1760539122195303e-06,1.0063409870616753,1.006341227295436
FL,Nuclear,1.026,1.026000723791202,1.0260010912432789,1.566133701467924e-06,1.830000957037522e-06,2.155242483062648e-06
FL,Offwind,1.7018922439931743,7.999999681006519,7.999999991120264,7.999999991266349,7.999999980463571,7.999999985338474
FL,Oil,0.1406,9.279705946787742e-07,1.3538823230183565e-06,1.771213625787471e-06,1.9612355182282083e-06,2.1307247135769124e-06
FL,Onwind,2.43925598282999,3.404994620216335,3.404998999797487,3.3827229136152415,3.0508403435073466,4.196745449145012
FL,Solar,7.44737,7.447442972703345,8.702570944589533,16.963504702467347,19.750213103852715,19.75022699087721
FR,Battery,9.867657697670631e-06,9.920143757560924e-06,1.5606065000799833e-05,2.2621098297986866e-05,2.6684230249928435e-05,2.0868706131432204e-05
FR,Biomass CHP,0.6907752425834105,4.839723625731072,5.389798890593842,5.665135663566326,5.887877536239514,5.887878390158877
FR,Biomass CHP CC,9.072488075714444e-07,1.6177686978188686e-07,2.3828514634918295e-07,3.008529044907265e-07,4.108425901246625e-07,0.1879951759382931
FR,Gas,6.116001863011091,6.116002519897957,6.116003736344525,5.913004657908124,5.913005102023347,4.857005511856288
FR,Gas CHP,1.7370179802312837e-06,1.124726696327631e-06,1.7158918222812695e-06,2.188013516946903e-06,2.4109406305733404e-06,2.61574517811628e-06
FR,Gas CHP CC,6.276877594556945e-07,4.798226685204836e-07,7.247262207474427e-07,9.473570487492364e-07,1.085522817193097e-06,1.204885049079619e-06
FR,Hydroelectricity,19.950142143052236,19.950142143052236,19.950142143052236,19.950142143052236,19.950142143052236,19.950142143052236
FR,Nuclear,57.71,61.760982245520914,62.334002662133486,62.90702002723247,62.90702038780176,62.907020569582365
FR,Offwind,0.0107999999999999,8.606555763847396,15.12500229671172,26.375001416928956,48.97944450868906,71.09464714124634
FR,Oil,0.254,0.2540009554647237,0.2540014015889426,1.7679639839675502e-06,1.965463137584249e-06,2.14362057222382e-06
FR,Onwind,22.193575000000003,22.15560437966773,22.155637441121023,39.44498325795627,95.98058923124648,152.02846224350358
FR,Solar,20.529293000000006,32.71724814081732,45.27118951033224,72.10014422021472,100.63473816301745,164.5476466995632
GB,Battery,1.973515169773558e-05,1.860444129854664e-05,2.9698782887474873e-05,4.352035282694991e-05,8.530868952036676e-05,0.0698319122547502
GB,Biomass CHP,6.489100713669005,5.660302500281978,5.18870322536855,2.766003752151217,3.9798732106315594e-06,4.231154097018391e-06
GB,Biomass CHP CC,3.942769341717116e-07,2.900131046227175e-07,4.289751259073817e-07,5.410659351546649e-07,6.002839946220677e-07,6.627619194909357e-07
GB,Coal/Lignite,3.374263387069971,0.8500013690129384,0.8500019668963739,2.4507069665031136e-06,2.694690314550254e-06,2.933468831305267e-06
GB,Gas,29.87022623660399,29.87022778014524,29.870230291354595,14.43510983871373,9.474011037250046,9.061012293064222
GB,Gas CHP,3.74531670073879e-06,2.3405766898021217e-06,3.5548583980336155e-06,4.570042906653095e-06,5.3435873386946005e-06,6.4189693259794465e-06
GB,Gas CHP CC,1.7098753902368025e-06,1.1400038530285306e-06,1.679450617873251e-06,2.150837128986131e-06,2.9963047410730775e-06,3.3200464654525132e-06
GB,Hydroelectricity,9.4553,9.4553,9.4553,9.4553,9.4553,9.4553
GB,Nuclear,10.138,8.806001492104114,9.373000790606245,13.236000126807816,13.236000578159702,13.236001009482692
GB,Offwind,14.7415,52.46700162506195,74.3125013961706,96.1580010338943,97.71979772999624,145.83721078983646
GB,Onwind,15.469673,15.038709019816771,15.038733335813305,30.56977255768815,73.23147424106257,118.69740892708124
GB,Solar,15.638966371678434,15.63903484273778,39.79842580487538,82.12463691869169,123.3886344043481,136.35281082418695
GR,Battery,9.504599385898447e-06,0.5337694352115773,0.6604791531829065,2.885476499701635,2.9091445612464746,2.586911019008081
GR,Biomass CHP,0.026070536853497,0.2875285687713521,0.3375704454966599,0.3375712635768688,0.3706276129565442,0.3897352558395554
GR,Biomass CHP CC,4.634123434139869e-07,1.5813720169769616e-07,2.324931553704038e-07,2.913380536262286e-07,3.506623471102033e-07,4.5200464699752083e-07
GR,Coal/Lignite,3.3317612257553955,7.040297709116379e-07,1.00592729357021e-06,1.2450485154921376e-06,1.3640565135635826e-06,1.4769522070639558e-06
GR,Gas,4.170144415128401,4.170145273553391,4.17014658566304,3.2421475652174756,1.775005714373596,0.9330061517791116
GR,Gas CHP,2.769205290506487e-06,1.1717162570507474e-06,1.7917406016538636e-06,2.3066232657280567e-06,2.561022039788096e-06,2.8161035749325702e-06
GR,Gas CHP CC,8.255333503054005e-07,5.055937385262586e-07,7.656288505240666e-07,9.90023923567516e-07,1.1969684517861208e-06,1.3517267240672994e-06
GR,Hydroelectricity,3.3681,3.3681,3.3681,3.3681,3.3681,3.3681
GR,Oil,0.2732689711560611,0.0944871744256488,0.0944876209778999,0.0944879868812508,0.0944881842163674,2.1421174661950787e-06
GR,Onwind,5.22033,4.994332026455839,4.994333102916743,4.7293342473585,3.9223348657968047,3.1293356506038013
GR,Solar,7.029083,15.036932329052066,16.854861628796094,23.5186931494946,23.51869638092203,23.51870159024207
HR,Battery,9.36015680691886e-06,2.554621497404935e-05,0.0378290581271658,0.0659170137860187,0.5615772772210389,0.6002318703833978
HR,Biomass CHP,0.06473691138252,0.254841756489191,0.2750614189286926,0.2822385849567778,0.3123627017650369,0.3123632561880686
HR,Biomass CHP CC,4.330424539034507e-07,1.598081769264929e-07,2.3485804566670305e-07,2.951266941548431e-07,3.640786320103899e-07,5.677474579264809e-07
HR,Gas,0.0780020815470373,0.0780026938186426,0.0780039226169562,0.078004878301607,0.0780053939255488,0.0780058536785692
HR,Gas CHP,2.7795410433713936e-06,1.1268177732517303e-06,1.6890481672136871e-06,2.1651045032574342e-06,2.414908629278509e-06,2.663524983262918e-06
HR,Gas CHP CC,8.082812772170688e-07,4.819178854902026e-07,7.295439762159069e-07,9.431657344418284e-07,1.1660979961174683e-06,1.347204896925178e-06
HR,Hydroelectricity,2.383272188890403,2.383272188890403,2.383272188890403,2.383272188890403,2.383272188890403,2.383272188890403
HR,Onwind,1.1368999999999998,1.1369014289752444,1.136902544014432,1.1369036102885164,1.0639041831715146,0.7249049182601857
HR,Solar,0.4604,2.7047668137211787,2.8395028425808997,5.271265417572819,7.905522056908156,7.905524057468363
HU,Battery,9.46627119746978e-06,9.010092030508966e-06,1.4444211546865582e-05,2.2835879263198783e-05,0.8517673720033835,1.3897908344436347
HU,Biomass CHP,0.3356098268401828,1.028262456232984,1.0835560770718868,1.1392084444684387,1.2812828486559782,1.2812833551441236
HU,Biomass CHP CC,6.279654769385919e-07,1.6024203792682378e-07,2.3554856643514626e-07,2.965519170469148e-07,3.911072433044473e-07,0.1042734852079508
HU,Coal/Lignite,1.045655890182488,0.2304849443614011,1.0034028676346902e-06,1.2407290408291903e-06,1.3593159782924949e-06,1.472778387754224e-06
HU,Gas,1.7242021327918389,1.724202934951537,1.7242041972474065,1.7242052007471391,0.6467057541811585,0.4266062265526964
HU,Gas CHP,3.4990122545486568e-06,1.1504064648486677e-06,1.7005757468272695e-06,2.1697450713923485e-06,2.398484929822024e-06,2.601587186555865e-06
HU,Gas CHP CC,8.799666663849805e-07,5.10362414362543e-07,7.494924885949249e-07,9.534704564609548e-07,1.110395380448573e-06,1.2331320840040755e-06
HU,Hydroelectricity,0.0477,0.0477,0.0477,0.0477,0.0477,0.0477
HU,Nuclear,1.8989,3.0970000269521805,3.686999031803708,4.276998056698653,4.276998412305516,4.2769989195339795
HU,Oil,0.17,0.1700009544063114,0.170001399846332,0.1700017668698327,1.96439328724151e-06,2.142890275118689e-06
HU,Onwind,0.335,0.3350020926658582,0.3350038979561569,0.3180060979335082,0.0420082397384019,4.542005014492701
HU,Solar,5.833,7.799228643678754,12.562882762870302,17.717890205603176,23.847257034336685,25.5659807488146
IE,Battery,9.77279915030831e-06,9.298151679538477e-06,1.490097404831874e-05,2.173562243419243e-05,3.0212574905337496e-05,0.0005833411971427
IE,Biomass CHP,0.0203423932955267,0.1319633194966379,0.1914256384625246,0.2131546269124909,0.2131547492997727,0.2131549276063661
IE,Biomass CHP CC,5.095216260671849e-07,1.5540380717514613e-07,2.327266382096422e-07,2.973630534026431e-07,3.313026072012097e-07,3.7172480547447266e-07
IE,Coal/Lignite,1.0965723152553046,0.2530006821023005,0.2530009815791681,0.2530012227896936,0.2530013437090619,0.1350014672739008
IE,Gas,3.2610019168032265,3.2610027164910904,3.2610040104113263,3.261004996785156,3.2610055730130947,0.3130063767518763
IE,Gas CHP,1.8649915791335188e-06,1.1510735803201054e-06,1.7101931896099928e-06,2.1694793073953727e-06,2.4581560404774448e-06,3.5250062906025728e-06
IE,Gas CHP CC,6.935703780118261e-07,5.067326719320975e-07,7.44581224245765e-07,9.531706703764652e-07,1.2813381956235273e-06,1.5112203123541045e-06
IE,Hydroelectricity,0.609,0.609,0.609,0.609,0.609,0.609
IE,Offwind,0.0252,5.02520038490812,8.060700484784597,11.09600019468632,11.09620007283264,15.219619298839747
IE,Oil,0.208,0.2080009532558873,0.2080013982995147,0.2080017636003876,1.960915248916085e-06,2.311597698630474e-06
IE,Onwind,4.781731,4.665233996447339,4.665236197251206,4.313638301616912,3.4165396851652305,2.355792253884652
IE,Solar,0.733327,0.7333362112851155,0.7333501468158471,5.0650128785810695,9.111864280939876,9.111865887655528
IT,Battery,1.9579056096768984e-05,5.3047284351790576e-05,3.8666234765964105,14.460283033432871,18.836539143220907,20.924667354899395
IT,Biomass CHP,1.5123944714861317,2.2461368530638888,1.8460180204994976,1.8460184213925468,1.8460186287310711,1.846018754290719
IT,Biomass CHP CC,7.549399224414684e-07,1.557540813138726e-07,2.2819219455173002e-07,2.858397433222954e-07,3.305472527389733e-07,3.718042269542032e-07
IT,Coal/Lignite,7.275926461196572,1.4255903013480285e-06,2.0308035529595387e-06,2.5168945555515373e-06,2.7587821321903873e-06,2.989167612250506e-06
IT,Gas,39.42020390927187,39.12020697015767,39.10120984992192,28.48801214028238,13.389015265734727,2.7630164491187506
IT,Gas CHP,2.235452455986974e-06,1.3645991221955937e-06,2.105256375244913e-06,2.7517356645196103e-06,3.00678479524754e-06,3.2824937912258274e-06
IT,Gas CHP CC,7.355966174846911e-07,8.25540052937711e-07,1.1528251595350609e-06,1.4729386447440292e-06,6.361228925029704,6.361230147619064
IT,Hydroelectricity,19.07129,19.07129,19.07129,19.07129,19.07129,19.07129
IT,Oil,0.15,0.15000192809655,2.8306854208459148e-06,3.565129033963771e-06,3.961492104046151e-06,4.319254414113289e-06
IT,Onwind,12.307508,11.94451873872362,11.944527291859051,13.22591446776556,36.41510115580334,39.598493500798995
IT,Solar,29.783226999403936,112.60215027725395,144.7719878779673,175.73040340290865,186.6167135731798,204.73239861719645
LT,Battery,9.540904979991092e-06,8.63674707694643e-06,1.379681539920695e-05,1.994420184934979e-05,2.3632283928392756e-05,1.8717554569497475e-05
LT,Biomass CHP,0.2319557839390189,0.4734043870553802,0.4734055576548656,0.4734061194706398,0.4734063233932939,0.4734065445362421
LT,Biomass CHP CC,5.984084994874627e-07,1.599292748020128e-07,2.35377913531153e-07,2.958056563203985e-07,3.759696879280646e-07,7.14741402368726e-06
LT,Gas,1.0450020095140922,1.045002624584329,1.045003777844108,1.045004652608485,1.045005105453087,5.584592207569088e-06
LT,Gas CHP,2.1555514762111207e-06,1.1282127758827592e-06,1.6312443164449455e-06,2.0266093959933216e-06,2.233493879817153e-06,2.456300719912621e-06
LT,Gas CHP CC,7.601033241587502e-07,4.855104326256826e-07,7.053339829549417e-07,8.74521653800941e-07,9.68417689019703e-07,1.0733909354490818e-06
LT,Hydroelectricity,1.001,1.001,1.001,1.001,1.001,1.001
LT,Onwind,1.286,1.286002865644938,1.286004804097168,1.2860064257425634,1.1540073199337484,0.8510087498956669
LT,Solar,1.1649,1.1649120355305953,1.164930997847663,2.094085384681647,3.830803393602601,6.767225337389559
LU,Battery,9.543972367186642e-06,8.431350725383487e-06,1.341894104407074e-05,1.9663526538709617e-05,2.690259561334621e-05,2.822600661087745e-05
LU,Biomass CHP,0.0262009549960465,0.0517430052694438,0.0517462158801767,0.051907740533572,0.0519081320800593,0.0519083105555599
LU,Biomass CHP CC,4.582027872922223e-07,1.5574179384519426e-07,2.291612917343771e-07,2.906555847902554e-07,3.532799599582759e-07,4.02035725107124e-07
LU,Gas,2.0263134527544227e-06,2.5263836532103415e-06,3.727532873214982e-06,4.900314478391026e-06,5.616456496863247e-06,6.190993586194425e-06
LU,Gas CHP,2.21525304092967e-06,1.1698140926539472e-06,1.7576807917667984e-06,2.5438440877106645e-06,3.0028655681389444e-06,3.445103478500285e-06
LU,Gas CHP CC,7.62163242376685e-07,5.506598650258927e-07,8.108575474223022e-07,1.0886868015583871e-06,0.0581264534820699,0.0581268212206254
LU,Hydroelectricity,2.6159,2.6159,2.6159,2.6159,2.6159,2.6159
LU,Onwind,0.228907,0.2149086328056534,0.2149097289808771,0.1939110365875428,0.1939118223211923,0.1738460988125328
LU,Solar,0.425766,0.4257705234382214,0.5077709283185465,1.632737917262262,1.632747735269935,1.6091657173774336
LV,Battery,9.683402920119936e-06,8.947199354131802e-06,1.416295336415688e-05,2.042929783431524e-05,2.4176670079096905e-05,1.915217489878236e-05
LV,Biomass CHP,0.2012773692794613,0.426353650448419,0.4263552461614288,0.4263559179356758,0.4263561898194794,0.4263564095000913
LV,Biomass CHP CC,6.441246789800292e-07,1.6006360409979926e-07,2.350470828277081e-07,2.9597717572578505e-07,4.068450371012061e-07,0.0108814601770468
LV,Gas,1.0390019910248618,1.0390026148594247,1.039003762067353,1.0390046366006624,1.0390050873138934,5.566071303794239e-06
LV,Gas CHP,2.0725513034524214e-06,1.115079133782138e-06,1.6066899283773118e-06,1.9977812455685097e-06,2.204321495379105e-06,2.4281235033169385e-06
LV,Gas CHP CC,7.589643264544176e-07,4.621940888289163e-07,6.708166749904738e-07,8.365182688797645e-07,9.27930323888434e-07,1.0325915489024953e-06
LV,Hydroelectricity,1.5360999999999998,1.5360999999999998,1.5360999999999998,1.5360999999999998,1.5360999999999998,1.5360999999999998
LV,Onwind,0.137026,0.1370297241473246,0.1370308507840451,0.1130317723669452,0.1130323497708572,0.0741182791815532
LV,Solar,0.347898,0.3479056227859765,0.3479260273891595,1.3938184473831283,3.516701443981272,3.9726937921577017
ME,Battery,9.471600844675918e-06,3.927522718419311e-05,0.0091703690034439,0.025653746708953,0.1489116677854603,0.2130625395134661
ME,Biomass CHP,0.0017283188795354,0.0086776732107068,0.0086824868192882,0.0087381615879843,0.0139159632024177,0.0190715305336765
ME,Biomass CHP CC,5.84635607556098e-07,1.5924760619428704e-07,2.3300305428878098e-07,2.92097904100429e-07,3.629113600806951e-07,7.147168088891248e-07
ME,Coal/Lignite,0.2074814722673996,0.2074821819950455,0.2074824810464391,0.2074827176371557,0.2074828352688872,0.2074829483343894
ME,Gas,2.074116585550843e-06,2.6453730570184633e-06,3.86597841348831e-06,4.799377518105639e-06,5.287193964977812e-06,5.731281433221318e-06
ME,Gas CHP,0.0001245477296745,1.149854784747113e-06,1.7346461194662925e-06,2.223306500853468e-06,2.4623510134035176e-06,2.6931020578407093e-06
ME,Gas CHP CC,2.048789664664858e-06,5.607003303584059e-07,8.249514682349547e-07,1.0455012155185729e-06,1.243620401532392e-06,1.3998179344156674e-06
ME,Hydroelectricity,0.657321,0.657321,0.657321,0.657321,0.657321,0.657321
ME,Onwind,0.118,0.1180004448055108,0.118000676789454,0.1180009062956931,0.1180010335659715,0.1180011729242651
ME,Solar,0.0392599999999999,0.5003616508708617,0.9399351945113978,1.3516907686805872,1.4381545531105238,1.4381554122081917
MK,Battery,9.424961760999437e-06,0.0109560422620195,0.0394926166276137,0.0600408262402591,1.0036954310482462,1.1039522600001528
MK,Biomass CHP,0.0059757532334193,0.0231571280719943,0.0291463442802656,0.0353495412882021,0.0466612862763939,0.0558801612561486
MK,Biomass CHP CC,4.802800174578093e-07,1.6163822288607285e-07,2.367699531150825e-07,2.968990318922025e-07,3.735677044378173e-07,2.7092179888641043e-06
MK,Gas,2.117193625840365e-06,2.735552647346975e-06,3.965548952672224e-06,4.908835293901279e-06,5.398402954988484e-06,5.836599286413076e-06
MK,Gas CHP,3.661590744849419e-06,1.13370251823546e-06,1.693478424624893e-06,2.1564867139359113e-06,2.382436480301138e-06,2.586294338458389e-06
MK,Gas CHP CC,8.556834968847229e-07,4.982348717413656e-07,7.405084735293733e-07,9.42214393895547e-07,1.0699950529531623e-06,1.1874853913338848e-06
MK,Onwind,0.1098,0.1098003498033407,0.1098004913491751,0.1098006690158187,0.1098007778007102,0.0728008746251069
MK,Solar,0.534933,1.1716515097480973,1.4860973520476817,2.063264955113863,4.581404100243431,4.581405004831193
NL,Battery,9.619448360509524e-06,8.969104872275725e-06,1.4421300774530742e-05,2.1194386492027687e-05,0.1204911961667307,0.1320597195987784
NL,Biomass CHP,0.3908999205291381,0.5647565390722536,0.5647576625308314,0.5647582298789484,0.564758389531289,0.5647585302387118
NL,Biomass CHP CC,5.384295753145983e-07,1.534066433442933e-07,2.263910102891377e-07,2.8684476635054016e-07,3.233782161415153e-07,3.588528763713416e-07
NL,Coal/Lignite,4.594994952358631,0.4850006921599727,0.4850009878140152,1.235082196790034e-06,1.3571835800266977e-06,1.4717779854412924e-06
NL,Gas,9.151101976948368,8.621102740735898,8.621104000050677,5.899105277856395,5.039106032857883,4.95410659433184
NL,Gas CHP,3.395184138868144e-06,1.2624076492450683e-06,1.8904404708219023e-06,2.7951471311759674e-06,3.3523333930781646e-06,3.7797251732432185e-06
NL,Gas CHP CC,1.3285302709434924e-06,6.130092996651423e-07,8.867472975956864e-07,1.1954101030974712e-06,1.0032191040131509e-05,1.0249436207197516e-05
NL,Offwind,3.977999999999999,22.403234570911188,33.543000511321274,50.543000714717735,74.76663045048824,153.05943642490362
NL,Onwind,6.826119999999998,15.623171544493292,15.623178788440605,15.156989368592518,20.74054093388858,24.563319616594413
NL,Solar,23.904,23.904027670332763,26.745701522557994,35.74353807047065,54.5123415127509,54.47435292643194
NO,Battery,1.0469665466826e-05,9.152993184443184e-06,1.454953356311906e-05,2.086792782604698e-05,2.4549074069536032e-05,1.895834635484568e-05
NO,Biomass CHP,6.3431324410361485e-06,0.0610886475524228,0.1066865422652059,0.1211896006504604,0.3986843886317415,0.4697097849134045
NO,Biomass CHP CC,0.1175643523111636,1.459209417603929e-07,2.1914082595012661e-07,2.7991002562982417e-07,4.090785446313878e-07,0.2071958277227285
NO,Gas,0.6040017497331484,0.5240022137335547,0.5240032954170537,0.5240041439704101,0.5240045719268875,4.961324516009751e-06
NO,Gas CHP,1.3360690911560362e-06,1.02203490001084e-06,1.5384628302854844e-06,1.955903010103738e-06,2.175914732907242e-06,2.3785691606036735e-06
NO,Gas CHP CC,5.458489287796434e-07,4.142799313293598e-07,6.216112066227524e-07,8.036667189880937e-07,9.04562871367364e-07,1.0028832791174773e-06
NO,Hydroelectricity,29.470674200000005,29.470674200000005,29.470674200000005,29.470674200000005,29.470674200000005,29.470674200000005
NO,Onwind,5.0626999999999995,5.049704242771587,5.049706271466253,4.7977086285752195,4.640010031560563,4.1980118114710026
NO,Solar,0.600792,0.6008014476470139,0.6008093205129235,1.1393045083886848,4.686731917475534,9.359417408036792
PL,Battery,9.341357206181635e-06,9.052590425657608e-06,1.432961459130707e-05,2.089011718310981e-05,2.6153298743659217e-05,0.0001038530280914
PL,Biomass CHP,2.613103282602948,3.504679356692061,3.504994038807936,3.6822854562625262,3.841005738239608,3.8410060822629
PL,Biomass CHP CC,4.3786377250235243e-07,1.60787589171626e-07,2.360539386465934e-07,2.9708426984270226e-07,4.44154271712819e-07,1.4660249744171715e-05
PL,Coal/Lignite,8.712784962740376,6.629912143273789,6.629912444367575,3.4030187486799446,3.094169990133032,0.1790054492902943
PL,Gas,2.125002264654422,2.1250029212625163,2.125004221315709,2.1250053053689144,1.2156059684798937,1.2156065692148048
PL,Gas CHP,5.1259350883855285e-06,1.2468514879685351e-06,1.8418658723557265e-06,2.3925682073636746e-06,2.6950687940449376e-06,2.9888755276398022e-06
PL,Gas CHP CC,8.262379269841398e-07,6.208823695369438e-07,8.781081972717615e-07,1.0940780939711282e-06,1.2805627604355014e-06,1.435630389224511e-06
PL,Hydroelectricity,2.1205022796075697,2.1205022796075697,2.1205022796075697,2.1205022796075697,2.1205022796075697,2.1205022796075697
PL,Oil,0.0509484522494351,0.0509494060205506,0.050949853261299,1.7762053258310757e-06,1.973777795308776e-06,2.152241002571946e-06
PL,Onwind,9.303235,10.505100106889158,12.575114594325946,24.409313435677607,46.22537610355311,62.81706573226002
PL,Solar,15.809391999999995,15.809452810222776,28.343272329029787,39.94083021911993,58.03363552142597,91.32509578276132
PT,Battery,9.378665076756026e-06,0.2360325337998453,0.5134247076207568,1.8343681986174392,3.216763200108097,3.2092379292813953
PT,Biomass CHP,0.1035937967248231,0.1858281040895776,0.20285145073325,0.2217274816909877,0.2510815476674913,0.2510817923616947
PT,Biomass CHP CC,4.799358969069283e-07,1.581577840575764e-07,2.331737836546784e-07,2.940136154313521e-07,3.81608666051524e-07,4.791113579508432e-07
PT,Gas,3.8290019524348766,3.829002748629695,3.8290040832400263,2.839005078696021,1.6630055285737897,1.663005945552136
PT,Gas CHP,2.0672546219133316e-06,1.1235518279261308e-06,1.7089906475959712e-06,2.174099892056298e-06,2.3957422340410827e-06,2.599594044141708e-06
PT,Gas CHP CC,7.261873253785308e-07,4.585395482481677e-07,7.009987776248193e-07,9.008792639374548e-07,1.0063515141906272e-06,1.1024382556699569e-06
PT,Hydroelectricity,7.142200000000001,7.142200000000001,7.142200000000001,7.142200000000001,7.142200000000001,7.142200000000001
PT,Offwind,0.024999,2.3457708139099243,6.000000117263971,10.00000004228252,10.000000544551568,10.000001394200453
PT,Onwind,5.717625,21.658595181288955,23.181684707618153,22.606812100073277,24.521668068656545,31.245397977411677
PT,Solar,3.874256,9.035492552999056,18.50197238759532,21.329243818415453,21.329246405249453,21.329258031683267
RO,Battery,9.34845527714449e-06,1.326974520249187e-05,1.945678958553059e-05,3.29506766715903e-05,2.813172325007379,4.464908804218006
RO,Biomass CHP,0.4293637850511617,1.1713685674473346,1.1713715234091524,1.1713723961444642,1.1713767951224143,1.1713772064173071
RO,Biomass CHP CC,5.380985157407084e-07,1.6079297638564798e-07,2.3548809956833678e-07,2.953759973218044e-07,3.72687835757055e-07,0.0595619338368285
RO,Coal/Lignite,0.2766419630231994,0.2766426700995231,1.009288485276282e-06,1.2488091046284315e-06,1.368052803805252e-06,1.4811051885855252e-06
RO,Gas,0.2000021907480028,3.041671791435251e-06,4.3541980202964715e-06,5.346188378054889e-06,5.84737279347485e-06,6.29292569507885e-06
RO,Gas CHP,3.768822833682676e-06,1.152645497394493e-06,1.6948224962045277e-06,2.142738261438314e-06,2.372318654826355e-06,2.584673393169834e-06
RO,Gas CHP CC,8.607752415220052e-07,4.847293956009181e-07,7.053734683807903e-07,8.98584663941387e-07,1.0177905314811588e-06,1.12870076092724e-06
RO,Hydroelectricity,7.94739,7.94739,7.94739,7.94739,7.94739,7.94739
RO,Nuclear,1.3,1.7390010824671345,2.41300051488917,3.087000398672938,3.0870006830276857,3.087001058767682
RO,Onwind,3.33019,3.3301928156393465,3.3301943800777227,3.3301962782488412,2.942197621354511,0.0871996596244889
RO,Solar,1.931995,7.514810247504847,11.090482671556185,17.20354425028573,31.94108397612322,40.93452206768523
RS,Battery,9.44682908752045e-06,1.2963398852229555e-05,0.0658084324486134,0.3083003843245521,1.620431981626923,1.8414157951126415
RS,Biomass CHP,0.0547641404194341,0.1653395806164342,0.2000058894566136,0.241402322372561,0.3190390839957037,0.3656680006908531
RS,Biomass CHP CC,4.535756024074345e-07,1.6121957150335424e-07,2.363160052329317e-07,2.966830406326114e-07,3.6971274899093147e-07,1.6976964551074256e-06
RS,Coal/Lignite,2.479560440999758,7.051032934559931e-07,1.0029699214521216e-06,1.2404042468986358e-06,1.3588166299044888e-06,1.4718556520984734e-06
RS,Gas,0.1100021155400086,2.4988035077730063e-06,3.673354624601646e-06,4.590849360599272e-06,5.071992334159954e-06,5.511949867687332e-06
RS,Gas CHP,3.258707041105351e-06,1.0953026306746534e-06,1.6466646928943832e-06,2.0923909922990924e-06,2.309535877837977e-06,2.5132453288419495e-06
RS,Gas CHP CC,8.303934224910283e-07,4.782934015591215e-07,7.198198800251045e-07,9.161506499452476e-07,1.0433561037419563e-06,1.1601672728283374e-06
RS,Hydroelectricity,3.1125,3.1125,3.1125,3.1125,3.1125,3.1125
RS,Onwind,0.511,0.5110014865912768,0.5110022224449741,0.5110030893708669,0.5110036476120224,0.5006043636349842
RS,Solar,0.1336939999999999,3.5056517895731645,6.469270433162695,7.326784904792824,14.38073683638503,14.380739847566955
SE,Battery,1.037589107660844e-05,9.4196832705725e-06,1.48532576527441e-05,2.1260679739853868e-05,2.501460248054981e-05,1.92424414646838e-05
SE,Biomass CHP,0.7889059057103247,2.496729548589433,2.49673045318685,2.496730926901744,2.496731124108942,2.496731279666938
SE,Biomass CHP CC,1.001538625955366e-05,1.633013882876514e-07,2.3971976487190657e-07,3.024262624059593e-07,4.328556249332416e-07,0.027356775739521
SE,Gas,1.0910017556777665,1.091002183434552,1.0910032669856828,1.091004118134765,1.0910045471020708,4.935583494992879e-06
SE,Gas CHP,1.3617519850758044e-06,1.06001236132261e-06,1.5771308919167129e-06,1.991885782703603e-06,2.212124043134602e-06,2.414678397091783e-06
SE,Gas CHP CC,5.44843101065656e-07,4.416025802417562e-07,6.565138304855092e-07,8.372411578326284e-07,9.35386452000138e-07,1.0301514432623738e-06
SE,Hydroelectricity,12.155186624932508,12.155186624932508,12.155186624932508,12.155186624932508,12.155186624932508,12.155186624932508
SE,Nuclear,8.617,8.617000619888639,8.617000959156899,8.617001245414961,8.617001406680007,8.617001569690995
SE,Offwind,0.2039999999999999,0.6000004514041317,6.600000481275356,12.600000169481827,12.600000070462922,32.594801786507325
SE,Onwind,16.059,15.863005873267836,15.863009094605731,15.559012783794792,14.2050152657453,10.453017960958228
SE,Solar,3.477,3.4770129555078753,3.4770233469699994,10.764718106891142,18.854229497845868,21.131881571532382
SI,Battery,9.469886523204446e-06,8.51669623435436e-06,1.3668055260602613e-05,2.122736032594429e-05,0.0721193344232403,0.228835213771549
SI,Biomass CHP,0.0640863511870398,0.1513956709691787,0.1513983343202977,0.1514016705410861,0.1629772192844309,0.1629775533105737
SI,Biomass CHP CC,4.93149408964677e-07,1.60058702832849e-07,2.3494135439042483e-07,2.955691381960629e-07,3.850795869060475e-07,0.0053956228938447
SI,Coal/Lignite,0.134,0.1340007093425785,1.0085030867067689e-06,1.246982069665052e-06,1.3662672206443615e-06,1.479897510783501e-06
SI,Gas,0.4340020118089573,0.4340026521689561,0.434003863304914,0.4340047973610422,0.4340053083798634,0.3500057704618239
SI,Gas CHP,2.308066777655367e-06,1.1174795233217298e-06,1.6669700831101017e-06,2.121525263306378e-06,2.345940931202582e-06,2.552744836559734e-06
SI,Gas CHP CC,7.728511045434712e-07,4.832096515357581e-07,7.270459844746018e-07,9.290908264391646e-07,1.0611002586366736e-06,1.1870474518594874e-06
SI,Hydroelectricity,1.210275,1.210275,1.210275,1.210275,1.210275,1.210275
SI,Nuclear,0.696,0.6960009395387861,0.6960014210276089,0.6960019431161838,0.6960023508549472,0.69600305689608
SI,Solar,1.041117,1.7232076521489466,2.8212751436842236,4.522522469180864,5.595313612746303,5.59531524941775
SK,Battery,9.334485542032748e-06,8.451155114904109e-06,1.3649851316389071e-05,2.076798971117049e-05,3.6852346119367913e-05,0.2077366370110188
SK,Biomass CHP,0.3253619545257565,0.6074255275387193,0.6074263653585792,0.6074268961077596,0.6074271095992029,0.6074273244776816
SK,Biomass CHP CC,5.341143038236894e-07,1.6034501058284756e-07,2.3402061854467577e-07,2.9349583186773765e-07,3.704508160393767e-07,0.0014912437664487
SK,Coal/Lignite,0.5495373313677073,0.5495380328237398,9.99011281287168e-07,1.237216186357271e-06,1.3568095412612538e-06,1.4714786803757332e-06
SK,Gas,0.7280022460762599,0.7280028535970586,0.7280041090374526,0.5100051579943635,0.5100058307492035,6.418537900888462e-06
SK,Gas CHP,4.858137282739414e-06,1.1582365024048797e-06,1.6775534402630077e-06,2.1306604848596165e-06,2.371319504408392e-06,2.615745854241006e-06
SK,Gas CHP CC,9.185613335732314e-07,5.090083628899703e-07,7.363176299201541e-07,9.31153428773774e-07,1.0739414724593278e-06,1.2001790276601705e-06
SK,Hydroelectricity,2.279013,2.279013,2.279013,2.279013,2.279013,2.279013
SK,Nuclear,1.94,2.814636060084063,2.822136001240175,2.8296360024663274,2.829636486403112,2.829638186437202
SK,Solar,0.7480800000000001,1.4890837273709585,4.1673382085323265,11.220714404744308,11.603225373842331,11.603227003513457
AL,Coal/Lignite,,7.091673620571311e-07,1.0077831348858818e-06,1.2442417875464916e-06,1.3619504848506638e-06,1.4749841305885946e-06
AL,Fuel Cell,,2.6852808396450685e-07,4.03608930078229e-07,5.092545470389795e-07,5.66711001902956e-07,6.268515425230953e-07
AL,Gas CC,,9.602999375671796e-07,1.431024847221065e-06,1.797376262182404e-06,1.997412812718728e-06,2.1925294958660413e-06
AL,Hydrogen turbines,,1.28877726824399e-06,1.901523650771172e-06,2.389442967235256e-06,2.657656441678476e-06,2.9282603895004086e-06
AL,Micro gas CHP,,8.670325562430365e-08,1.310295143489207e-07,1.6820430753243357e-07,1.8709233376392889e-07,2.0604573420810914e-07
AL,Nuclear,,9.435077449506828e-07,1.4327927557576813e-06,1.908386012994942e-06,2.214406295425266e-06,2.6559260526777173e-06
AL,Offwind,,6.350906402117719e-07,1.053235150793192e-06,1.41708990890012e-06,1.612402633925632e-06,1.930616909693993e-06
AL,Onwind,,4.860129921893371e-07,6.824686794884926e-07,9.025414263573948e-07,1.0410267379253678e-06,1.1904646934026852e-06
AT,Coal/Lignite,,7.05007743145307e-07,1.007814951364192e-06,1.2500434134863063e-06,1.370365694457232e-06,1.4845513778724904e-06
AT,Fuel Cell,,2.831540085246355e-07,4.211080293172721e-07,5.306627783221443e-07,5.947580720546887e-07,6.610545303332224e-07
AT,Gas CC,,9.503115175038558e-07,1.420556199018164e-06,1.8029617422921837e-06,2.022527571651025e-06,2.2404218626044203e-06
AT,Hydrogen turbines,,1.2708832127778975e-06,1.882274262395088e-06,2.3794044431632653e-06,2.6686383260990724e-06,2.971540881622663e-06
AT,Micro gas CHP,,8.762202582318604e-08,1.3319892004429188e-07,1.723545451538164e-07,1.920760666406528e-07,2.118065138035289e-07
AT,Nuclear,,9.12927488809172e-07,1.3678634467541363e-06,1.8449457724200935e-06,2.2642301645302007e-06,4.303042626682141e-06
AT,Oil,,9.529622767667372e-07,1.3987963655049823e-06,1.7680234321536744e-06,1.965488741484361e-06,2.144032176459337e-06
BA,Fuel Cell,,2.643112229490187e-07,3.987666205311357e-07,5.03979452618891e-07,5.63482266930662e-07,6.259528757891287e-07
BA,Gas CC,,9.528041505824798e-07,1.42337593909505e-06,1.7915248519119895e-06,1.994871149735464e-06,2.1937886242930902e-06
BA,Hydrogen turbines,,1.2732058052206882e-06,1.882282573381059e-06,2.3688556315910706e-06,2.639848388691731e-06,2.9131336150252867e-06
BA,Micro gas CHP,,8.707742642084762e-08,1.318300546959814e-07,1.6947162228764884e-07,1.8885225210184313e-07,2.082192019115153e-07
BA,Nuclear,,9.590019944196994e-07,1.4512872790608516e-06,1.9497807218509782e-06,2.284101249955906e-06,2.8076154339737012e-06
BA,Oil,,9.55761135188693e-07,1.4020031339626753e-06,1.7689555604701864e-06,1.9663627500483517e-06,2.1448230486291523e-06
BE,Coal/Lignite,,2.0364808737139275e-06,2.919816764328901e-06,3.6639379575442713e-06,4.027847711243601e-06,4.368616137790082e-06
BE,Fuel Cell,,8.160523107752646e-07,1.2240942475353975e-06,1.5697188158064852e-06,1.785464312168538e-06,2.000240585044529e-06
BE,Gas CC,,2.768794377499304e-06,4.155748656124081e-06,5.454183248663054e-06,6.2209919341619984e-06,6.887965553473109e-06
BE,Hydrogen turbines,,3.755771099480575e-06,5.593033030620461e-06,7.326679617983031e-06,8.445926353529857e-06,9.551791164834324e-06
BE,Micro gas CHP,,2.587673379629225e-07,3.905370034630127e-07,5.072016936764731e-07,5.656768762581865e-07,6.229720157874514e-07
BG,Fuel Cell,,2.6583177984775625e-07,3.969290692590322e-07,4.99950698418455e-07,5.53947947822731e-07,6.0858093561511e-07
BG,Gas CC,,1.0073946448605882e-06,1.4892179175679597e-06,1.867963643392347e-06,2.074833628668912e-06,2.272191381937314e-06
BG,Hydrogen turbines,,1.293856291140721e-06,1.915486041215717e-06,2.4107659498939703e-06,2.6785697401319766e-06,2.949226591395655e-06
BG,Micro gas CHP,,8.82188637436494e-08,1.3361682119893586e-07,1.721614597859645e-07,1.9113209767291778e-07,2.10299207862691e-07
BG,Offwind,,1.6796631017070898e-06,2.804864698699984e-06,3.830215377744644e-06,5.405285923222772e-06,4.029164102258235
BG,Oil,,9.520644438599584e-07,1.3990061934878065e-06,1.7647090295323857e-06,1.9620298708274412e-06,2.1404677718815777e-06
CH,Coal/Lignite,,6.9694514408854e-07,9.975939269695562e-07,1.2403333557513502e-06,1.360630838956103e-06,1.4752531560176598e-06
CH,Fuel Cell,,2.651056832354687e-07,3.986604584050515e-07,5.071322317369324e-07,5.692895227175601e-07,6.321156954726174e-07
CH,Gas CC,,9.291642337636486e-07,1.3903278752324536e-06,1.76437077084059e-06,1.967108246531287e-06,2.1619273967980087e-06
CH,Hydrogen turbines,,1.2610344324821731e-06,1.870633679287949e-06,2.3792518770928243e-06,2.6626044414262956e-06,2.941413803753787e-06
CH,Micro gas CHP,,8.665929637149827e-08,1.3144844771804942e-07,1.6971987752131317e-07,1.890153994143606e-07,2.082838787225332e-07
CH,Oil,,9.5064186686296e-07,1.3971143415745826e-06,1.7627622893771943e-06,1.9600565677705846e-06,2.1384397155673193e-06
CZ,Fuel Cell,,2.77378647159873e-07,4.136377226890759e-07,5.240910193298252e-07,5.892054277077277e-07,6.532474708918228e-07
CZ,Gas CC,,9.621281237884527e-07,1.4344474051389656e-06,1.826007618178902e-06,2.0569431583684015e-06,2.290173279080076e-06
CZ,Hydrogen turbines,,1.2691718992594467e-06,1.883971711025775e-06,2.393309335491294e-06,2.7074509054905003e-06,3.0565637431800156e-06
CZ,Micro gas CHP,,8.743517233943747e-08,1.3280784756971993e-07,1.719599172317755e-07,1.9162579663539758e-07,2.112707142815791e-07
CZ,Nuclear,,4.047198207849139,4.617200540372429,5.187203026249701,5.187203464021167,5.1872046734646
CZ,Oil,,9.520528762524217e-07,1.398820582322356e-06,1.771483573836923e-06,1.968938028788334e-06,2.1474890012117726e-06
DE,Fuel Cell,,2.811885956259701e-07,4.197300545731095e-07,5.353938979515549e-07,6.076281592477562e-07,6.841276101870527e-07
DE,Gas CC,,9.833030821686366e-07,1.4646274404101138e-06,1.878092347382327e-06,2.1314066369947622e-06,2.3849360506993497e-06
DE,Hydrogen turbines,,1.2740817073830084e-06,1.9123156808267965e-06,2.454204681110973e-06,2.807684329381391e-06,3.2355021393838343e-06
DE,Micro gas CHP,,8.86019228292112e-08,1.341919716716259e-07,1.7409015524439412e-07,1.9392687583275945e-07,2.136042104394725e-07
DK,Fuel Cell,,5.156459756114336e-07,7.687362585196941e-07,9.75801046676783e-07,1.0949940847419016e-06,1.211626508975099e-06
DK,Gas CC,,1.735125797201228e-06,2.626282226650373e-06,3.353913731758657e-06,3.7806552051679375e-06,4.187650809164571e-06
DK,Hydrogen turbines,,2.468555285118976e-06,3.671802467491536e-06,4.677817539542495e-06,5.301736751538337e-06,5.921154089723986e-06
DK,Micro gas CHP,,1.6857033561687644e-07,2.523721703905832e-07,3.259746866223567e-07,3.641317026766239e-07,4.0199833381757395e-07
DK,Nuclear,,1.3549594190191118e-06,2.0034434316031707e-06,2.621311868803383e-06,2.978452449464793e-06,3.3551744722869856e-06
DK,Oil,,1.902898571760408e-06,2.797156264697131e-06,3.5554310609237884e-06,3.950502395469093e-06,4.3072282136354735e-06
EE,Coal/Lignite,,6.902329702593988e-07,9.863575739320297e-07,1.222205857286888e-06,1.3403911508665882e-06,1.4537179330081676e-06
EE,Fuel Cell,,2.640652099107873e-07,3.961723821190636e-07,4.981056916827894e-07,5.535747814509416e-07,6.115382757154171e-07
EE,Gas CC,,9.61131452022549e-07,1.4233361011956487e-06,1.7890593464251475e-06,1.982762162155604e-06,2.1908321722304905e-06
EE,Hydrogen turbines,,1.278540454429866e-06,1.888325680980093e-06,2.376911250774279e-06,2.6465048511953287e-06,2.9379713148091684e-06
EE,Micro gas CHP,,8.754279174425237e-08,1.3223402864736797e-07,1.6945140534432417e-07,1.883675263037999e-07,2.0749666748875805e-07
EE,Nuclear,,8.187548134766136e-07,1.2156940931115266e-06,1.523300462328168e-06,1.6895819086091532e-06,1.9120083643548152e-06
EE,Offwind,,9.560287023669306e-06,1.7500000891777483,3.5000000261242175,3.500001007511722,6.081033872226963
EE,Oil,,9.49936150391572e-07,1.3965471628770572e-06,1.761578755764706e-06,1.9587409261635748e-06,2.1371899412272863e-06
ES,Fuel Cell,,4.966110358619976e-07,7.609689659402591e-07,9.763509781866265e-07,1.1007212545243004e-06,1.2203079248904975e-06
ES,Gas CC,,1.911307532171809e-06,2.8700382798479296e-06,3.6278821852727087e-06,4.016824266365822e-06,4.388169820495861e-06
ES,Hydrogen turbines,,2.534953019273654e-06,3.810576005122292e-06,4.8363880666075866e-06,5.394719489760943e-06,5.921950208945687e-06
ES,Micro gas CHP,,1.6877527257004625e-07,2.5724886124243105e-07,3.3366852534058077e-07,3.714377538788986e-07,4.085841500357967e-07
ES,Offwind,,2.8000013089589655,5.093469609467344,5.093475056397228,5.269471181795959,5.26947715301568
FI,Fuel Cell,,2.5914963572264376e-07,3.882393796046082e-07,4.929340805387786e-07,5.512599894935196e-07,6.073943469564961e-07
FI,Gas CC,,8.905239759714621e-07,1.3393875887007994e-06,1.7009614682187377e-06,1.889837692708778e-06,2.0719371079792464e-06
FI,Hydrogen turbines,,1.2292553461455726e-06,1.850413766704335e-06,2.3536432929688152e-06,2.6258270852120897e-06,2.8814759739816267e-06
FI,Micro gas CHP,,8.588385534786152e-08,1.300147765820709e-07,1.677967786956184e-07,1.866800575311617e-07,2.053983350313939e-07
FL,Coal/Lignite,,6.776628060834759e-07,9.706318327661895e-07,1.2182478376085208e-06,1.3396272765206065e-06,1.452511445593486e-06
FL,Fuel Cell,,2.743124293068928e-07,4.1147165219589307e-07,5.269611079154201e-07,5.989544322518993e-07,6.698475116329759e-07
FL,Gas CC,,9.503808463113244e-07,1.4205407613745255e-06,1.864172891289513e-06,2.1220293435112386e-06,2.3439602973740677e-06
FL,Hydrogen turbines,,1.2528787511949792e-06,1.867481728901518e-06,2.443906654897572e-06,2.8206645817492384e-06,3.192348642218005e-06
FL,Micro gas CHP,,8.671518873293009e-08,1.3144915463390718e-07,1.7120108119148173e-07,1.906863361372805e-07,2.0991980610439017e-07
FR,Coal/Lignite,,6.814749570485573e-07,9.788494395022246e-07,1.2185083449158307e-06,1.3377059403479466e-06,1.4514434804097286e-06
FR,Fuel Cell,,2.600858778709646e-07,3.925624645132624e-07,4.995005928101309e-07,5.571406387535344e-07,6.159700534272736e-07
FR,Gas CC,,9.400261007542618e-07,1.4055011706993518e-06,1.7770325003271735e-06,1.968604275451444e-06,2.151488301971622e-06
FR,Hydrogen turbines,,1.256562872487901e-06,1.8846076715030189e-06,2.389221386109194e-06,2.661403145660446e-06,2.917043860968149e-06
FR,Micro gas CHP,,8.65765705429385e-08,1.3108643964290538e-07,1.6943297472857557e-07,1.8837544391566137e-07,2.070754461596125e-07
GB,Fuel Cell,,5.4111053082401e-07,8.097381188725814e-07,1.0263799122588285e-06,1.165357082124748e-06,1.2995336718999944e-06
GB,Gas CC,,1.9036348261234548e-06,2.854642474408783e-06,3.628114046124117e-06,4.0888743265990685e-06,4.5662863915318944e-06
GB,Hydrogen turbines,,2.5106991059557695e-06,3.7321000585340647e-06,4.756682028377658e-06,5.440388545114569e-06,6.281586831020246e-06
GB,Micro gas CHP,,1.710791106486201e-07,2.5886505102078204e-07,3.3457803056459756e-07,3.727631825138756e-07,4.106121302783168e-07
GB,Oil,,1.9087917771694963e-06,2.8002251275821116e-06,3.5344138982815735e-06,3.92965877896242e-06,4.458624002724539e-06
GR,Fuel Cell,,2.662666636003727e-07,4.013269977922357e-07,5.08535096809215e-07,5.653119124129191e-07,6.259237580830291e-07
GR,Gas CC,,1.0010939828795603e-06,1.4846657271439785e-06,1.8621910384865184e-06,2.0635079670040272e-06,2.2603664141662314e-06
GR,Hydrogen turbines,,1.2874899767661898e-06,1.9065364444098368e-06,2.400665759712689e-06,2.6677601859285374e-06,2.937522870405093e-06
GR,Micro gas CHP,,8.69662009282146e-08,1.316693727383948e-07,1.6971809055987813e-07,1.8888631534563922e-07,2.0808405806900113e-07
GR,Nuclear,,9.56357455657746e-07,1.5405895654750898e-06,1.9614347029556987e-06,2.218642405319558e-06,2.5631967925503284e-06
GR,Offwind,,9.031985487532468,10.179827316936567,11.010006762441188,14.642046852155254,15.370714170852713
HR,Coal/Lignite,,7.086920604857311e-07,1.0074061947777743e-06,1.2447330981424605e-06,1.3630530272275826e-06,1.4764828451426517e-06
HR,Fuel Cell,,2.6056547704920045e-07,3.9509054400129754e-07,5.016647651748603e-07,5.621301570863937e-07,6.249574666661369e-07
HR,Gas CC,,9.651458761049102e-07,1.4396177311382186e-06,1.8122374590308011e-06,2.020761431496489e-06,2.224211849176935e-06
HR,Hydrogen turbines,,1.2746408765642837e-06,1.8841160459837953e-06,2.372385031886356e-06,2.647999392781155e-06,2.924334119603332e-06
HR,Micro gas CHP,,8.735269577105927e-08,1.325662028010301e-07,1.7132524504498054e-07,1.9078006221926666e-07,2.1017873573245545e-07
HR,Nuclear,,9.729657374276796e-07,1.4480742415401258e-06,1.9666475772150473e-06,2.3322560769618004e-06,2.9213304093506424e-06
HR,Offwind,,0.5100000840363483,0.8550000108232937,1.200000023745516,1.2000009622125591,1.200002870921013
HR,Oil,,9.548224765169975e-07,1.4006251230976578e-06,1.7680070489831594e-06,1.9655397679212652e-06,2.143978138989638e-06
HU,Fuel Cell,,2.677603912210417e-07,4.014953156592844e-07,5.075650841606782e-07,5.674782736966215e-07,6.258211039001268e-07
HU,Gas CC,,1.002088954473069e-06,1.4822784760575744e-06,1.8626899888354547e-06,2.079398657633541e-06,2.285860265898984e-06
HU,Hydrogen turbines,,1.3026832625486176e-06,1.918173201466924e-06,2.411633087565645e-06,2.6934517870616397e-06,2.972749382230687e-06
HU,Micro gas CHP,,8.816589758243975e-08,1.3373159195879944e-07,1.7261464253003654e-07,1.921549298122905e-07,2.1155345379845594e-07
IE,Fuel Cell,,2.6408116730608993e-07,3.946752317718549e-07,5.003098927293515e-07,5.646555274647614e-07,6.352723457340825e-07
IE,Gas CC,,9.58005797796243e-07,1.4427403783099307e-06,1.8300257286607228e-06,2.0537610655515597e-06,2.3284634835321027e-06
IE,Hydrogen turbines,,1.2698251509286133e-06,1.8840524529395412e-06,2.3852216772994196e-06,2.6960302752512473e-06,3.167675939416324e-06
IE,Micro gas CHP,,8.544449072694355e-08,1.2930412916187797e-07,1.6692859248179629e-07,1.8599371641314897e-07,2.050601939544192e-07
IE,Nuclear,,7.267169100800544e-07,1.0886573027370823e-06,1.418050779642569e-06,1.636941304800257e-06,1.8658605093929744e-06
IT,Fuel Cell,,5.550768242338536e-07,8.27010386485262e-07,1.0434220403314816e-06,1.1646253638302372e-06,1.293236389678707e-06
IT,Gas CC,,2.08732350705425e-06,3.079211211046943e-06,3.8748164866997945e-06,4.352383201700269e-06,4.808244478985319e-06
IT,Hydrogen turbines,,2.6946604279480996e-06,3.9892559831533995e-06,5.012327006317498e-06,5.604752814469932e-06,6.273809050241951e-06
IT,Micro gas CHP,,1.729969784500706e-07,2.621273717091471e-07,3.404736909344524e-07,3.796931433581452e-07,4.187512198693638e-07
IT,Nuclear,,2.1467813786011316e-06,3.6671113467910575e-06,5.426853748524361e-06,5.616216008737414,12.357169024429512
IT,Offwind,,8.500001382253076,13.500000435565056,18.500000267140855,18.50000516498576,20.128595290946276
LT,Coal/Lignite,,6.916801560728497e-07,9.85054487085525e-07,1.2174832615748168e-06,1.3344898855702634e-06,1.4477486696294145e-06
LT,Fuel Cell,,2.641025049802074e-07,3.932832033709924e-07,4.927263916813536e-07,5.480102930003581e-07,6.041124868306043e-07
LT,Gas CC,,9.607905793905743e-07,1.423447478960164e-06,1.7823413715712986e-06,1.9758179573176463e-06,2.1858869410172304e-06
LT,Hydrogen turbines,,1.285674332447548e-06,1.8931800653040848e-06,2.376490800897584e-06,2.647942205619182e-06,2.9396292378912797e-06
LT,Micro gas CHP,,8.761291306896825e-08,1.321237878774835e-07,1.6882756866751866e-07,1.877053103871056e-07,2.068883372050274e-07
LT,Nuclear,,8.08383091039985e-07,1.1412504863538073e-06,1.4444387505745787e-06,1.6093581291306312e-06,1.813378087388646e-06
LT,Offwind,,1.6475759649234665,2.8000000731012498,4.200000045911365,4.200000497845156,4.932470500804475
LT,Oil,,9.53300936047976e-07,1.3989784503112745e-06,1.7653478013085452e-06,1.962693031382016e-06,2.1411147470759377e-06
LU,Coal/Lignite,,6.859935923807213e-07,9.841446105295983e-07,1.2292288597922329e-06,1.3501578143643365e-06,1.465254001662693e-06
LU,Fuel Cell,,2.728534372566004e-07,4.074287259089306e-07,5.19227211797543e-07,5.892648862789545e-07,6.649015619740119e-07
LU,Gas CC,,9.350583993269272e-07,1.401904205825679e-06,1.806911469846505e-06,2.0469820244082107e-06,2.276822086233028e-06
LU,Hydrogen turbines,,1.2602652877781323e-06,1.8711341833434477e-06,2.411410273332009e-06,2.755233751230397e-06,3.131863624270232e-06
LU,Micro gas CHP,,8.61465686413017e-08,1.3057496306754814e-07,1.6849152953954359e-07,1.879097008688432e-07,2.071201451400314e-07
LU,Nuclear,,7.711040121182803e-07,1.154246983376596e-06,1.5519162445942535e-06,1.8785774729243672e-06,2.3141450258326048e-06
LU,Oil,,9.541862082995291e-07,1.4025490136312186e-06,1.806543866656394e-06,2.0040414980756622e-06,2.1825251204597275e-06
LV,Coal/Lignite,,6.912426737241762e-07,9.83771975589538e-07,1.2160157790560512e-06,1.3326662175584396e-06,1.4459101013768652e-06
LV,Fuel Cell,,2.590604434442445e-07,3.844442289188858e-07,4.825853401014611e-07,5.371676332837078e-07,5.930364511627601e-07
LV,Gas CC,,9.590005376191171e-07,1.4189523855647311e-06,1.778768192162466e-06,1.9712843659975477e-06,2.1808677230168e-06
LV,Hydrogen turbines,,1.2859964025524064e-06,1.889652343702648e-06,2.3718634504834816e-06,2.642199637011446e-06,2.9329227067667045e-06
LV,Micro gas CHP,,8.744340901861586e-08,1.312323917719473e-07,1.6741851089131027e-07,1.8613081140102898e-07,2.05221316955372e-07
LV,Nuclear,,8.152757068265015e-07,1.1437734022607483e-06,1.4505849065912028e-06,1.6213528713294144e-06,1.825341600521169e-06
LV,Offwind,,0.5000001237017478,0.7500000933032243,1.000000120903394,1.0000010476031176,5.303778532198794
LV,Oil,,9.533214171593348e-07,1.3986881169985817e-06,1.764912641193724e-06,1.9622098097926305e-06,2.1406511542210317e-06
ME,Fuel Cell,,2.767368279888343e-07,4.1397951884318123e-07,5.206818812769765e-07,5.789917044579512e-07,6.418499114209293e-07
ME,Gas CC,,9.62330404215792e-07,1.434964385702574e-06,1.8027450694119928e-06,2.0043217476349035e-06,2.2027002347197378e-06
ME,Hydrogen turbines,,1.2796839602340435e-06,1.8908772288799511e-06,2.3779512659858e-06,2.645694499592356e-06,2.9187966405712085e-06
ME,Micro gas CHP,,8.75498773168878e-08,1.3239961742448268e-07,1.6993119268125094e-07,1.890822213314696e-07,2.085485589371866e-07
ME,Nuclear,,9.152303539237136e-07,1.410681050106083e-06,1.8506165133036236e-06,2.1633108601215332e-06,2.6153262009062625e-06
ME,Offwind,,5.721606683050946e-07,8.97432840168794e-07,1.18053447482704e-06,1.3313912257700725e-06,1.5585842448887182e-06
ME,Oil,,9.55537781512877e-07,1.4008879930961435e-06,1.7676482636664295e-06,1.9650642873286566e-06,2.143569084407137e-06
MK,Coal/Lignite,,7.075022969403561e-07,1.0054365003777676e-06,1.2412513993592617e-06,1.3587951676265077e-06,1.47178771154195e-06
MK,Fuel Cell,,2.64343190233898e-07,3.980313745189172e-07,5.032021099342957e-07,5.595068138085536e-07,6.179697440547987e-07
MK,Gas CC,,9.728029999759291e-07,1.4467415827317172e-06,1.815840237228544e-06,2.01834520828135e-06,2.21469973564462e-06
MK,Hydrogen turbines,,1.2796076162697483e-06,1.8901807193443729e-06,2.3779381190501685e-06,2.6464950683926306e-06,2.916832994642662e-06
MK,Micro gas CHP,,8.748690101607477e-08,1.322910333234462e-07,1.69791147331021e-07,1.8877161753329168e-07,2.079057955905888e-07
MK,Nuclear,,9.181045615756164e-07,1.395870763420006e-06,1.8594369273415236e-06,2.15481233195228e-06,2.561732895075772e-06
MK,Oil,,9.553281527767193e-07,1.4011146402880293e-06,1.7678785117651208e-06,1.96526791715484e-06,2.143755485085456e-06
NL,Fuel Cell,,2.751352192065067e-07,4.117439728084859e-07,5.281170344085346e-07,6.004565987164892e-07,6.703335043564777e-07
NL,Gas CC,,9.717468714878976e-07,1.4478541139977426e-06,1.8773367834534192e-06,2.132512353682642e-06,2.3659078334436115e-06
NL,Hydrogen turbines,,1.274946656677919e-06,1.885512285355332e-06,2.4398229592953022e-06,2.805659230566043e-06,3.184177820883699e-06
NL,Micro gas CHP,,8.667722212336229e-08,1.3123418882336517e-07,1.7012853896721344e-07,1.895513018895667e-07,2.086679771337514e-07
NL,Nuclear,,0.4860000548777179,0.4860004497593856,0.4860008979429409,0.4860011693616701,0.4860014060449295
NL,Oil,,9.518237899478532e-07,1.3995459239942417e-06,1.8068623640865984e-06,2.004794721256433e-06,2.183175217863929e-06
NO,Coal/Lignite,,6.619141448220787e-07,9.545395782031532e-07,1.1914971796375587e-06,1.3103538832247611e-06,1.4240582670450244e-06
NO,Fuel Cell,,2.404949821881977e-07,3.63327443024619e-07,4.6447063228475034e-07,5.199135473089661e-07,5.732111709245932e-07
NO,Gas CC,,8.84813106415713e-07,1.3284483954343576e-06,1.686734163749536e-06,1.8738719203405765e-06,2.05612992597886e-06
NO,Hydrogen turbines,,1.2163537637215264e-06,1.8320377851372536e-06,2.331084896777295e-06,2.6026189453868263e-06,2.857135144514557e-06
NO,Micro gas CHP,,8.580219707728628e-08,1.2966076764433125e-07,1.6717436868168939e-07,1.8600043989331449e-07,2.0479856439967209e-07
NO,Nuclear,,6.115202437703984e-07,9.428708879271284e-07,1.2230803792471776e-06,1.380518146997041e-06,1.54512182738391e-06
NO,Offwind,,3.0040004981520494,6.504000428299539,10.004000137021116,10.00400309865973,16.492705829343624
NO,Oil,,9.507785682049132e-07,1.396615376366366e-06,1.7621861377460917e-06,1.959431643899839e-06,2.137694182643509e-06
PL,Fuel Cell,,2.832969254157548e-07,4.2009671810179723e-07,5.2844207600797e-07,5.931666051527047e-07,6.560899706594428e-07
PL,Gas CC,,9.98503061132014e-07,1.478275311259455e-06,1.8714543593322223e-06,2.1101915661779386e-06,2.346288795259188e-06
PL,Hydrogen turbines,,1.2913197263953914e-06,1.909366542245777e-06,2.4346155546825127e-06,2.7650470777573264e-06,3.1352753870538697e-06
PL,Micro gas CHP,,8.842727168885434e-08,1.3416889180414038e-07,1.7348592705762772e-07,1.9304886844013687e-07,2.125373774228305e-07
PL,Nuclear,,9.030395737311864e-07,2.2200001330043415,4.440000127943951,4.440000431101728,4.440000911784823
PL,Offwind,,23.936556560573955,23.936559275742127,23.93655936902955,23.936559371291622,23.9365593713483
PT,Coal/Lignite,,6.979738442572622e-07,9.985916832333797e-07,1.23975150122819e-06,1.3588380326485186e-06,1.4723651464655705e-06
PT,Fuel Cell,,2.583981030460157e-07,3.9105768183213577e-07,4.970947355222683e-07,5.549622954321329e-07,6.114583557325809e-07
PT,Gas CC,,9.778783724875586e-07,1.460185209473061e-06,1.838219009367074e-06,2.0304342480543933e-06,2.215008588234718e-06
PT,Hydrogen turbines,,1.296632545971625e-06,1.937879212569256e-06,2.447540013945169e-06,2.7208854020093566e-06,2.985509793551377e-06
PT,Micro gas CHP,,8.615376631439964e-08,1.3071463704396289e-07,1.6890376587329505e-07,1.8766126755364627e-07,2.0612158302962873e-07
PT,Nuclear,,8.696280813643563e-07,1.3661210661443445e-06,1.831650260193047e-06,2.058928293113906e-06,2.2683019813910724e-06
PT,Oil,,9.55134463564449e-07,1.4017722925389069e-06,1.767334036024317e-06,1.964562353417257e-06,2.142911616151867e-06
RO,Fuel Cell,,2.639174907464677e-07,3.929624500521877e-07,4.977491315517487e-07,5.530056293111783e-07,6.088741499150998e-07
RO,Gas CC,,1.0168670583838477e-06,1.500478019762044e-06,1.880157854489383e-06,2.0857782574769115e-06,2.2840769293365757e-06
RO,Hydrogen turbines,,1.2959531101275931e-06,1.917067355408552e-06,2.4121339625296276e-06,2.680211569041814e-06,2.9526734372101927e-06
RO,Micro gas CHP,,8.848944497216368e-08,1.3374266433576548e-07,1.7291130050418449e-07,1.9219536379584198e-07,2.1137376320861774e-07
RO,Offwind,,3.890687587219718,6.321060896141144,7.7940436195382095,7.794043819357888,7.794043824963648
RO,Oil,,9.542221600894378e-07,1.401146026549589e-06,1.766969610743562e-06,1.964317936932858e-06,2.1427380417336183e-06
RS,Fuel Cell,,2.6347822138923957e-07,3.97161855798949e-07,5.012679057900789e-07,5.582636223830156e-07,6.164811391472669e-07
RS,Gas CC,,9.3397780979633e-07,1.39975996220624e-06,1.765582957162394e-06,1.965582366636324e-06,2.1621710107925487e-06
RS,Hydrogen turbines,,1.2603200202658502e-06,1.864400897565881e-06,2.347245733214082e-06,2.615538738101732e-06,2.883891676886988e-06
RS,Micro gas CHP,,8.64840797330696e-08,1.3118887793505825e-07,1.686982122133841e-07,1.8789327735028005e-07,2.0710857069801297e-07
RS,Nuclear,,9.6062767167929e-07,1.392375177162574e-06,1.8580950986833056e-06,2.1564441763987848e-06,2.574559193001276e-06
RS,Oil,,9.520562434371684e-07,1.39618974777726e-06,1.7630158412535871e-06,1.960368011630904e-06,2.1388030892656484e-06
SE,Coal/Lignite,,6.630479688421544e-07,9.567320804598305e-07,1.1947060076491765e-06,1.3134346118482055e-06,1.4269065586909105e-06
SE,Fuel Cell,,2.5130031841978225e-07,3.778379346028928e-07,4.810048175160398e-07,5.369249651410786e-07,5.9044876132417e-07
SE,Gas CC,,8.729688812024221e-07,1.3179678512794077e-06,1.677197317046085e-06,1.86417838443078e-06,2.045526304402475e-06
SE,Hydrogen turbines,,1.2127983430321172e-06,1.830133567511704e-06,2.331084653255472e-06,2.602288915375289e-06,2.8578121508314744e-06
SE,Micro gas CHP,,8.442282191755651e-08,1.277563755519017e-07,1.650904052925006e-07,1.839200593587046e-07,2.0257830278702277e-07
SE,Oil,,9.50397143457973e-07,1.3964159048037171e-06,1.762120523746469e-06,1.959432544717073e-06,2.137653126869591e-06
SI,Fuel Cell,,2.6192005761782324e-07,3.966966835815497e-07,5.022165002022876e-07,5.613185658458215e-07,6.214408954752374e-07
SI,Gas CC,,9.626602391676236e-07,1.4344113188023826e-06,1.8070560613515744e-06,2.014211541523211e-06,2.2184168223340563e-06
SI,Hydrogen turbines,,1.2739748986236992e-06,1.8855298721051891e-06,2.372401859648914e-06,2.649614927599066e-06,2.92827309868469e-06
SI,Micro gas CHP,,8.720315608008089e-08,1.3248990388989068e-07,1.7073889977242357e-07,1.9012357153378496e-07,2.0941256128456497e-07
SI,Offwind,,4.3673205741569123e-07,7.676316314271534e-07,1.0709221849228324e-06,1.2103118696684825e-06,1.4300662915234944e-06
SI,Oil,,9.550606146327603e-07,1.4002350294456518e-06,1.7671362493844103e-06,1.964529890322411e-06,2.1430016869704453e-06
SI,Onwind,,1.071983790161241e-06,1.8432709756349855e-06,2.511077519407111e-06,2.84235713067788e-06,3.247022348855924e-06
SK,Fuel Cell,,2.6774212123554425e-07,3.995762185586483e-07,5.051621123103108e-07,5.663821435904413e-07,6.271011173359129e-07
SK,Gas CC,,9.909581319712802e-07,1.469395274858426e-06,1.8558475693312055e-06,2.0925885098889266e-06,2.32636198793424e-06
SK,Hydrogen turbines,,1.2963995532497603e-06,1.910607707235742e-06,2.4111029905963054e-06,2.719585186871894e-06,3.059736472603238e-06
SK,Micro gas CHP,,8.80680890035269e-08,1.3364769492912877e-07,1.725502300543975e-07,1.9223441374091834e-07,2.1181912189888546e-07
SK,Oil,,9.544454234662343e-07,1.399811751766275e-06,1.7688990289769163e-06,1.9665043435343168e-06,2.145110853742458e-06
SK,Onwind,,1.960950645295581e-06,3.6529449777261696e-06,5.448716485194058e-06,7.166699699635241e-06,2.5686842445083123e-05
