country,sector,2030,2035,2040,2045,2050
AL,Battery,0.0607399520636087,0.079003773898248,0.0949855924695065,0.8458419708028665,0.8611883313177954
AL,Biomass CHP,0.0241956079433007,0.0307985622102834,0.0375917375441895,0.0442255289266168,0.0515166685603604
AL,Biomass CHP CC,1.5332851332456144e-07,2.28711499050041e-07,2.812766862905167e-07,3.681298228293328e-07,5.513484374320377e-07
AL,Coal/Lignite,6.019267708673693e-07,9.029827571289958e-07,1.1214891959553014e-06,1.2575405905944502e-06,1.3560353010417164e-06
AL,Fuel Cell,2.2806459268158213e-07,3.547011784657318e-07,4.459496475730055e-07,5.179811530370208e-07,5.762588414756579e-07
AL,Gas,2.1935373985399007e-06,3.3559445885379137e-06,4.141244432512069e-06,4.719218414356559e-06,5.106718207370756e-06
AL,Gas CC,8.596911762765985e-07,1.3010277625871914e-06,1.6018679883784003e-06,1.8280812057548984e-06,1.998163379367657e-06
AL,Gas CHP,9.684449085691504e-07,1.543597444722584e-06,1.9333355378600877e-06,2.1951890239203617e-06,2.38947256707882e-06
AL,Gas CHP CC,4.410772254377531e-07,6.641476073558334e-07,8.369754843027653e-07,1.0607676832716842e-06,1.186588296744418e-06
AL,Hydroelectricity,1.7389,1.7389,1.7389,1.7389,1.7389
AL,Hydrogen turbines,1.0512346303634462e-06,1.6758898242152085e-06,2.1046009027649925e-06,2.4290406477816942e-06,2.6815559644364505e-06
AL,Micro gas CHP,9.016208093633908e-08,1.321156562233108e-07,1.619513310858787e-07,1.8169537576762257e-07,1.985704553873187e-07
AL,Nuclear,5.56925628995343e-07,1.0948175233649435e-06,1.4051288712382773e-06,1.7713882022582083e-06,2.0853476408503323e-06
AL,Offwind,6.633006101210126e-07,1.0221040376324556e-06,1.328001659035175e-06,1.5686059694644418e-06,1.8031954305300411e-06
AL,Oil,0.0898553321827937,0.0898558178924508,0.0898561324037075,0.0898563591783034,0.0898565158080981
AL,Onwind,3.504663820949312e-07,5.684698408777387e-07,8.198877968085931e-07,9.87385880350505e-07,1.1685201950712952e-06
AL,Solar,2.3642392694358274,2.8725484337703873,3.68617004902852,5.432345032023456,5.432346237111995
AT,Battery,7.019949398776848e-06,1.26203996541425e-05,1.813580414778891e-05,2.2817294223853196e-05,2.091661041876545e-05
AT,Biomass CHP,0.9991162224892574,0.9991172991342636,0.9991178157269088,0.9991191367700016,0.9991195624528632
AT,Biomass CHP CC,1.4754078117258374e-07,2.2212557293870846e-07,2.7353582686381124e-07,3.724567055290972e-07,6.321240385201819e-07
AT,Coal/Lignite,5.932866989367331e-07,8.968771176046409e-07,1.1182266766745147e-06,1.2554332172351825e-06,1.3553562474140369e-06
AT,Fuel Cell,2.410698891564593e-07,3.7074708701548554e-07,4.6413357198694167e-07,5.407706568850588e-07,6.074203970630788e-07
AT,Gas,2.8192021640664366,2.819203361863827,1.317004221383152,0.8380049169249618,0.8380053982000805
AT,Gas CC,8.517514806997157e-07,1.2998279610767807e-06,1.6153684505560413e-06,1.8604824613589e-06,2.056292785647416e-06
AT,Gas CHP,1.006532735256627e-06,1.5900048245438017e-06,2.021467806503015e-06,2.3231779818960733e-06,2.5872253968002214e-06
AT,Gas CHP CC,5.118369000354197e-07,7.472603708831745e-07,9.570443916034634e-07,0.0042642657846599,0.0042645647189461
AT,Hydroelectricity,13.46042,13.46042,13.46042,13.46042,13.46042
AT,Hydrogen turbines,1.044992903740547e-06,1.6714293876046877e-06,2.112300764657817e-06,2.458536873834172e-06,2.75591338492434e-06
AT,Micro gas CHP,9.155019457662373e-08,1.3446292716197933e-07,1.6564223197426665e-07,1.8629587640753266e-07,2.0400467292222055e-07
AT,Nuclear,5.113131449918575e-07,1.0081274321511756e-06,1.3304211401951988e-06,1.766715443113491e-06,2.834343017720175e-06
AT,Oil,7.924077500847201e-07,1.2781899523386216e-06,1.597805682506185e-06,1.8246857766896376e-06,1.9813495763339184e-06
AT,Onwind,3.9272377313404503,3.927238909469556,3.1520211460205987,2.9614132029215745,1.4885166299237096
AT,Solar,8.967965928846636,17.833595043219567,24.093866350494547,24.09386862909823,24.07187164267193
BA,Battery,1.7517908039586514e-05,0.0479609085165255,0.0993305776319746,0.2337587125512659,0.8667714789502827
BA,Biomass CHP,0.0486135732129911,0.0623979822364842,0.0779133258966552,0.0918289053164432,0.1054467682967643
BA,Biomass CHP CC,1.5265839586887252e-07,2.2807713119930009e-07,2.808756093352417e-07,3.684673588009971e-07,5.412240549588801e-07
BA,Coal/Lignite,0.5690006050987102,0.3000009064356656,0.300001125456236,0.3000012618210798,0.3000013605549238
BA,Fuel Cell,2.2502077150006734e-07,3.539891256401242e-07,4.459401761745196e-07,5.222444395729239e-07,5.869340539574833e-07
BA,Gas,2.1790435791958226e-06,3.3427874200517695e-06,4.13097055318915e-06,4.728927869700748e-06,5.130825551076765e-06
BA,Gas CC,8.569414687294048e-07,1.298406172594846e-06,1.5993025312575773e-06,1.8292630488816336e-06,2.0037825596092104e-06
BA,Gas CHP,9.529554709314824e-07,1.525293546282198e-06,1.9135995189887584e-06,2.183281043138188e-06,2.401420608707714e-06
BA,Gas CHP CC,4.4475277867029235e-07,6.686191210548765e-07,8.394073825946696e-07,1.230805736400543e-06,1.3990632240153991e-06
BA,Hydroelectricity,2.0545,2.0545,2.0545,2.0545,2.0545
BA,Hydrogen turbines,1.0418351848186451e-06,1.6702893094671196e-06,2.101829085038755e-06,2.4365416341779903e-06,2.702088645102983e-06
BA,Micro gas CHP,9.096551516196477e-08,1.3313787951807573e-07,1.632268122904758e-07,1.8348283999904717e-07,2.008134223894839e-07
BA,Nuclear,5.486316031384517e-07,1.0728305117309752e-06,1.3829036176874905e-06,1.7789480552658658e-06,2.1619438535994987e-06
BA,Oil,7.880551689283987e-07,1.2738946401423196e-06,1.5884248322073865e-06,1.8152388198974372e-06,1.971785858963551e-06
BA,Onwind,0.1347008418717503,0.1347013410960229,0.134701901281439,0.1347022724929856,0.1347026693864504
BA,Solar,1.52155896394436,3.918794680650858,5.318261724278744,5.470260966892602,8.060744016031846
BE,Battery,2.054977058657029e-05,3.66901554231028e-05,5.299871647911631e-05,7.298305467195234e-05,0.0001347608278721
BE,Biomass CHP,0.4748048582418671,0.4700446718638524,0.508808502630017,0.5088090274737088,0.5088094161594423
BE,Biomass CHP CC,4.545500318907882e-07,6.799246330410915e-07,8.410447422585047e-07,9.664967764646746e-07,1.0651641665756705e-06
BE,Coal/Lignite,1.6681906264976038e-06,2.562557958751872e-06,3.2496658564131126e-06,3.663635576545905e-06,3.9649065979814664e-06
BE,Fuel Cell,7.131866019010275e-07,1.1014401980764524e-06,1.4066885972935791e-06,1.6465622614249103e-06,1.8575740901306733e-06
BE,Gas,4.232306417230313,3.1425099398319585,1.9492138106213788,1.4502170238685088,1.0640188113652769
BE,Gas CC,2.425680819026077e-06,3.763093612615199e-06,4.863515971295508e-06,5.685606544480702e-06,6.308696061374426e-06
BE,Gas CHP,2.988758212004684e-06,4.808623685940851e-06,8.328306491952385e-06,9.800885898549546e-06,1.148012840839085e-05
BE,Gas CHP CC,1.412542453185235e-06,2.1297283442405608e-06,3.171753242946741e-06,2.5011703580206968,2.501171674454434
BE,Hydroelectricity,1.400658999125907,1.400658999125907,1.400658999125907,1.400658999125907,1.400658999125907
BE,Hydrogen turbines,3.0877694779028812e-06,4.97073946976583e-06,6.583097993175568e-06,7.843891244885123e-06,9.137843077222532e-06
BE,Micro gas CHP,2.785321464782684e-07,4.058851574369206e-07,4.995492974354331e-07,5.605492776710323e-07,6.137182267115618e-07
BE,Nuclear,2.0770000233572037,2.077001333250672,0.0210023069370895,0.0210033075424165,0.0210041598273078
BE,Offwind,7.999999972068918,7.999999983944778,7.999999984260851,7.999999973077731,7.9999999892143885
BE,Oil,2.266926694637423e-06,3.685393013970602e-06,4.783883655126098e-06,5.448033290595958e-06,5.908771101576191e-06
BE,Onwind,4.2000013416387825,4.200018840733485,4.20000049558459,4.200001968058488,5.641711313368998
BE,Solar,8.547243288026108,10.772653430510038,24.513181408196463,30.46263743392386,30.462658896047508
BG,Battery,1.2106743850544327e-05,0.1244181818289783,0.492837532185597,1.789287577537534,1.7894294446947254
BG,Biomass CHP,0.5388358893286144,0.5388365076774018,0.5388369213695411,0.5388371574752002,0.5388373366533072
BG,Biomass CHP CC,1.47171096675976e-07,2.208153649158248e-07,2.725795298169838e-07,3.574611160345216e-07,5.057989252013483e-07
BG,Coal/Lignite,1.6155543498614406,1.6155546526517175,1.615554871819857,1.6155550080042318,1.615555106572343
BG,Fuel Cell,2.2925684126805846e-07,3.551038084332574e-07,4.4374858463222347e-07,5.087280919159227e-07,5.573992656982156e-07
BG,Gas,2.418368975491327e-06,3.660608997332299e-06,4.493968898789449e-06,5.118368177893463e-06,5.51781604471397e-06
BG,Gas CC,8.815140692253446e-07,1.3336499298275558e-06,1.6436221481389315e-06,1.8757394466811365e-06,2.0501701423044196e-06
BG,Gas CHP,9.724720600010034e-07,1.5282912496562165e-06,1.8977865181901452e-06,2.1451482996492728e-06,2.324862363074373e-06
BG,Gas CHP CC,4.293006756658117e-07,6.365945552399008e-07,7.888583484102293e-07,9.05679159314256e-07,9.968220454912475e-07
BG,Hydroelectricity,2.89954,2.89954,2.89954,2.89954,2.89954
BG,Hydrogen turbines,1.056299263176643e-06,1.6923969823554834e-06,2.1354593395941603e-06,2.476215086333262e-06,2.7315647107357747e-06
BG,Micro gas CHP,9.12800750644148e-08,1.3390284893797126e-07,1.6455271076626834e-07,1.845121833827859e-07,2.015204063239589e-07
BG,Nuclear,2.0800005413969767,3.000000046688311,4.000000011230059,4.000000361624275,4.000000661092853
BG,Offwind,1.6658472225250742e-06,2.613314269724279e-06,3.476328422260048e-06,4.812134197263336e-06,4.029164020893744
BG,Oil,7.922538446817111e-07,1.2772181183650643e-06,1.5911827407865922e-06,1.8179079121901349e-06,1.9744372942873255e-06
BG,Onwind,0.6910013921272115,0.6910022986571914,0.6910032432082588,0.2110039324287618,4.7188505143632955e-06
BG,Solar,9.53914760376245,11.10066790188738,15.51453970744872,17.655953615741943,17.655955348013304
CH,Battery,7.133634318957591e-06,1.2843321128624518e-05,1.8566460786235663e-05,2.3160415337422893e-05,1.994629445257359e-05
CH,Biomass CHP,0.4900584250305784,0.6312432771471989,0.7542163078804833,0.8670123591286295,0.8797699630621112
CH,Biomass CHP CC,1.4930168193987332e-07,2.2547943543397407e-07,2.794030085671608e-07,3.8392704370071827e-07,0.0867675754963545
CH,Coal/Lignite,5.95914420885349e-07,8.976853064710595e-07,1.1189241578626985e-06,1.254795156778384e-06,1.3555591435708044e-06
CH,Fuel Cell,2.2885954326743242e-07,3.55702426683527e-07,4.47419659699688e-07,5.205270608651224e-07,5.805200091731848e-07
CH,Gas,2.1023592947854e-06,3.2720241079759895e-06,4.062039655029475e-06,4.626684932916417e-06,5.014205195119732e-06
CH,Gas CC,8.502462724760448e-07,1.2932469626355312e-06,1.5987891595795946e-06,1.8239700084811525e-06,1.995838187469613e-06
CH,Gas CHP,9.148156472867876e-07,1.4876663286306965e-06,1.9106537511696076e-06,2.1914862857106117e-06,2.4113816421528048e-06
CH,Gas CHP CC,4.1949914579300875e-07,6.395269833916195e-07,8.348856335696597e-07,1.106293027792215e-06,1.279433440008356e-06
CH,Hydroelectricity,19.45666,19.45666,19.45666,19.45666,19.45666
CH,Hydrogen turbines,1.0368976043885003e-06,1.6626619380828684e-06,2.1040942051203443e-06,2.4295617807172974e-06,2.681475042986831e-06
CH,Micro gas CHP,9.029750708522257e-08,1.3266850899431318e-07,1.629722561485975e-07,1.8321770058654265e-07,2.002552446166844e-07
CH,Nuclear,2.9700004820893615,2.970000932337066,2.970001229949237,2.970001557439303,2.970001886158777
CH,Oil,7.890913376088405e-07,1.2739504800819377e-06,1.5879428571464029e-06,1.8146065580372765e-06,1.9710712003476517e-06
CH,Onwind,0.075000989714221,0.0750015482668542,0.0750020657391602,0.0450023994183345,0.0270027409416458
CH,Solar,6.716392624867857,13.059848009254251,21.24541584748166,21.229418378153536,21.217421149908237
CZ,Battery,7.207676452685213e-06,1.274361445631735e-05,1.815999613853609e-05,2.3308897336906804e-05,2.5036372167124455e-05
CZ,Biomass CHP,1.3741837020311372,1.374185427640745,1.3741915330931476,1.5174665198165151,1.517466871329424
CZ,Biomass CHP CC,1.5358788220249472e-07,2.2918467364586347e-07,2.823052281164303e-07,4.055370909042342e-07,0.072009101700883
CZ,Coal/Lignite,0.1032802493356819,0.103280551661803,0.1032807735859061,0.0645510364663159,1.3459292075457502e-06
CZ,Fuel Cell,2.3265425563877906e-07,3.6218029054862056e-07,4.557199792266016e-07,5.313062734792332e-07,5.95133192202268e-07
CZ,Gas,2.129036051527064e-06,3.340636728301301e-06,4.242148872973085e-06,5.040583230094368e-06,5.63106487453202e-06
CZ,Gas CC,8.350433438150662e-07,1.2835353704062883e-06,1.603710378526985e-06,1.8601677910965325e-06,2.0763313042544927e-06
CZ,Gas CHP,1.008433803368665e-06,1.5953419410388807e-06,2.0819437074374563e-06,2.402555952154246e-06,2.680230083662507e-06
CZ,Gas CHP CC,4.785463797769654e-07,7.126991824728048e-07,9.078741747666788e-07,1.1692027410263464e-06,1.3394789049829535e-06
CZ,Hydrogen turbines,1.0366802424829935e-06,1.6664454100406648e-06,2.119223394460197e-06,2.4981671728867266e-06,2.9048615931424555e-06
CZ,Micro gas CHP,8.960718647849737e-08,1.3227442522553794e-07,1.630380413895657e-07,1.8357568034856232e-07,2.01198526653535e-07
CZ,Nuclear,4.047199313529143,4.617200668167206,5.187203005164082,5.18720345522216,5.187204277830498
CZ,Oil,7.892696294072268e-07,1.2741429492897404e-06,1.598023463628103e-06,1.8249048633776548e-06,1.981619455492176e-06
CZ,Onwind,0.3394274774116667,0.3394300709814856,0.3174329318811144,0.1264371791749231,11.763170566217102
CZ,Solar,2.5057175096903648,6.156587524909577,12.31629625847794,23.237417469556323,23.23742021432933
DE,Battery,7.537201275075942e-06,1.3413488550476308e-05,1.924310074357813e-05,2.4725325764747085e-05,4.212315287322733e-05
DE,Biomass CHP,7.065683503369224,6.815485548731781,6.264580292673476,7.292154458016209,7.292156389416445
DE,Biomass CHP CC,1.5899739986310568e-07,2.359842137412125e-07,2.897334534884413e-07,3.80635584424297e-07,8.763398905985581e-07
DE,Coal/Lignite,21.92409208046446,21.01137479586848,5.130470825306341,2.994343035018048,2.9943431388323756
DE,Fuel Cell,2.500515956811705e-07,3.825670330693422e-07,4.819959692693901e-07,5.662838825092581e-07,6.471054828164199e-07
DE,Gas,22.547501524987663,22.38430282553409,19.03927487106603,14.65085585180804,2.8370465927425688
DE,Gas CC,9.550712949628086e-07,1.43043671523239e-06,1.7796447435811394e-06,2.0507218469076805e-06,2.2928452345937378e-06
DE,Gas CHP,1.0741139515975503e-06,1.699130368149286e-06,2.3407494381117887e-06,2.746547999435493e-06,3.27460586678335e-06
DE,Gas CHP CC,5.657773389058918e-07,8.382663145697671e-07,1.123674703075441e-06,5.710004887121398,5.710005877569274
DE,Hydroelectricity,10.66432335,10.66432335,10.66432335,10.66432335,10.66432335
DE,Hydrogen turbines,1.0894047417859274e-06,1.745446297412267e-06,2.2335298913746935e-06,2.6599448839441106e-06,3.2305213392337208e-06
DE,Micro gas CHP,9.522996138752304e-08,1.3906062567269585e-07,1.7111183640418426e-07,1.918191345413517e-07,2.098640478814146e-07
DE,Nuclear,6.104701371377366e-07,1.0066842917710928e-06,1.319494242509566e-06,1.7368375833070563e-06,2.364845433077363e-06
DE,Offwind,68.84576424322735,73.58900038234718,75.30820795673338,78.96322156841322,75.7602216243322
DE,Oil,0.8209008047610552,0.6134012919364221,0.5161016265215975,0.5161018538359816,0.359002011016957
DE,Onwind,54.95702095260694,54.95703398981122,42.80405083419367,61.28468540542839,85.98306293577289
DE,Solar,81.73710064879984,108.26025108081234,164.00363633436953,215.35584529783284,239.81928631167492
DK,Battery,1.484873983990733e-05,2.6525319829451257e-05,3.778685172617831e-05,4.69416568636566e-05,4.511872066315373e-05
DK,Biomass CHP,0.8139108396287529,0.9145404463750298,0.9146221879483132,0.9590486293939828,0.9590499523362184
DK,Biomass CHP CC,2.775183012197104e-07,4.309508334197292e-07,5.381220607658281e-07,6.719582508431393e-07,8.384244834302482e-07
DK,Coal/Lignite,0.0479418766211275,0.0479424670932663,0.0479428998403692,0.0479431695462106,2.647223825235961e-06
DK,Fuel Cell,4.464901985758698e-07,6.865321922174062e-07,8.598387113113495e-07,9.912663226884806e-07,1.098055689175705e-06
DK,Gas,0.8402036687234714,0.8402057952224177,0.3400074212262436,0.3400085570795369,9.439652485899948e-06
DK,Gas CC,1.5440312131722569e-06,2.4036865650934098e-06,3.021591656076057e-06,3.479659127755924e-06,3.847760336657302e-06
DK,Gas CHP,1.7937110394102922e-06,2.825554636060868e-06,3.6534028571333778e-06,4.2396351957897734e-06,4.732443319450656e-06
DK,Gas CHP CC,8.005729864896176e-07,1.2155018172519974e-06,1.5389546605937818e-06,1.8004955157359023e-06,2.0040835341180516e-06
DK,Hydrogen turbines,2.055531604758134e-06,3.294255526985243e-06,4.181381615536321e-06,4.863204613900198e-06,5.489828330010951e-06
DK,Micro gas CHP,1.666695602985751e-07,2.4740659335027506e-07,3.067164558713197e-07,3.46347530189999e-07,3.795119120365485e-07
DK,Nuclear,9.05691112459258e-07,1.4565752571683108e-06,1.8213719347135716e-06,2.207502660915549e-06,2.5763233048977597e-06
DK,Offwind,8.251000783061869,17.750810005388235,27.251000159548116,27.25100006634448,27.25100007678712
DK,Oil,1.5736280921189568e-06,2.542330738501647e-06,3.2014141982213755e-06,3.6546777185825217e-06,3.968277491262786e-06
DK,Onwind,18.4314945955138,18.431501351236992,18.06708885166445,24.121935587489222,44.893030696110664
DK,Solar,3.5220134288974236,3.5220228148013057,3.5220502179321205,8.634675759418158,11.42996862810001
EE,Battery,7.2862383123736e-06,1.298360169963911e-05,1.8507933804546377e-05,2.302532442476711e-05,1.9280527249325862e-05
EE,Biomass CHP,0.3103451802982032,0.3103458788594267,0.3103462970491417,0.3103465230218883,0.3103466789273494
EE,Biomass CHP CC,1.470343386290369e-07,2.2199084942834914e-07,2.7520764632315384e-07,3.863111364578606e-07,4.923060246860189e-07
EE,Coal/Lignite,5.823667995836283e-07,8.799535493699136e-07,1.0925471397379865e-06,1.2262816184336271e-06,1.3252527885078135e-06
EE,Fuel Cell,2.260685294257082e-07,3.510483136742002e-07,4.346738622274548e-07,4.964272895344087e-07,5.493245064609315e-07
EE,Gas,2.1522248516069092e-06,3.2999872683530045e-06,4.037485030627772e-06,4.552989451682591e-06,4.982562759149849e-06
EE,Gas CC,8.48017264847842e-07,1.2865656743971296e-06,1.5802461257640238e-06,1.794575657719474e-06,1.9765799565400055e-06
EE,Gas CHP,9.465171414631276e-07,1.5050781716043418e-06,1.866284893090271e-06,2.1126897110258957e-06,2.3300062169555796e-06
EE,Gas CHP CC,4.218884457026088e-07,6.355971182339588e-07,7.822331294879188e-07,8.930416659510893e-07,9.983182892058006e-07
EE,Hydrogen turbines,1.0431297851696156e-06,1.667170035862351e-06,2.0866291520073534e-06,2.392892452520919e-06,2.679170815998173e-06
EE,Micro gas CHP,8.968078180462724e-08,1.3135076716733085e-07,1.608604002998733e-07,1.8053712571219486e-07,1.9731591547255174e-07
EE,Nuclear,5.127073278462729e-07,8.258352998340411e-07,1.009751282845441e-06,1.2035786863455617e-06,1.398680458644002e-06
EE,Offwind,9.696317319387571e-06,1.750000025679743,3.5000000036320915,3.500001088807643,5.220863536905568
EE,Oil,7.90473013071392e-07,1.2744362048236414e-06,1.5877791528285933e-06,1.814215636637876e-06,1.9708918997170803e-06
EE,Onwind,0.4298033908815554,0.4298047645909697,0.3988056160527529,0.3218064513340255,0.1118080819395464
EE,Solar,0.6835060366079109,0.6835150355886661,1.2900575289588143,2.35643536166529,3.003906353156345
ES,Battery,2.7719754362329976,3.1764230040941053,16.277297426322118,18.625340974889383,21.43684600793199
ES,Biomass CHP,1.00122776056759,1.2351920860968355,1.5282931262749768,1.5282938971057725,1.5282943456077498
ES,Biomass CHP CC,3.060158183820332e-07,4.600630945291808e-07,5.622671020774786e-07,6.939789360115494e-07,8.002026051148135e-07
ES,Coal/Lignite,1.452516299585188,0.9094960373701386,0.8444964801782869,0.8444967535752458,0.8444969534339216
ES,Fuel Cell,4.493943550815564e-07,7.023197505737188e-07,8.854203091390763e-07,1.0238073202347555e-06,1.1372801039044013e-06
ES,Gas,23.432536615452392,23.4325391210269,23.432540788549247,9.149429915365891,0.1120106350933145
ES,Gas CC,1.7652644213514326e-06,2.6733772249387065e-06,3.2917418638712125e-06,3.73779336145114e-06,4.055583180142328e-06
ES,Gas CHP,1.8489886460260805e-06,3.0378967539957187e-06,3.854338104231333e-06,4.3647388445015636e-06,4.741234494605861e-06
ES,Gas CHP CC,8.009907366315971e-07,1.252662774863516e-06,1.6148985005543795e-06,2.0809249774769305e-06,2.298226308564256e-06
ES,Hydroelectricity,24.123595247500003,24.123595247500003,24.123595247500003,24.123595247500003,24.123595247500003
ES,Hydrogen turbines,2.120725545595189e-06,3.425451594653181e-06,4.309567177224525e-06,4.935016184330076e-06,5.397331006455038e-06
ES,Micro gas CHP,1.7784867400565688e-07,2.612101154536421e-07,3.216456542787507e-07,3.614840975040585e-07,3.939920760324758e-07
ES,Nuclear,5.100360000185974,2.550180040896316,0.5014807907434525,0.5014816196882085,0.5014822273076112
ES,Offwind,2.800001165101615,5.093469375463117,5.093473422806477,5.26947060314763,5.269476405968626
ES,Oil,0.4669725721564183,0.2717735428512996,0.2309441714228134,0.1359436249059811,0.135943938156959
ES,Onwind,28.847773607048463,28.847781691473603,23.3273532843262,25.753332207240778,28.96953114040127
ES,Solar,83.34061571315318,96.0460838328966,139.36675932311357,154.49815527482738,168.29730120475975
FI,Battery,7.599280882196222e-06,1.349968399740831e-05,1.911404029334811e-05,2.34676476014306e-05,1.921815841126143e-05
FI,Biomass CHP,0.2600013450369222,0.3149529850845293,0.4505336745840196,0.4505338160216884,0.4505339069360796
FI,Biomass CHP CC,1.430322942079595e-07,2.1805409366498169e-07,2.71262206149185e-07,3.128625073754347e-07,3.393383643510239e-07
FI,Coal/Lignite,5.790553824070324e-07,8.750686616034412e-07,1.0888122452861878e-06,1.222498903915032e-06,1.321469380172737e-06
FI,Fuel Cell,2.2701184868436585e-07,3.491406612436731e-07,4.334981744170088e-07,4.98570027584074e-07,5.485790783991851e-07
FI,Gas,1.4858019584131348,0.3274030593549858,0.1274037685796369,0.1274042598823065,0.1274045948090753
FI,Gas CC,8.241141248024554e-07,1.256882379384238e-06,1.5462588171675788e-06,1.7550047795428996e-06,1.9075754421642852e-06
FI,Gas CHP,9.14375446002079e-07,1.4614153958129108e-06,1.8272825537214355e-06,2.076706083731829e-06,2.2481847454298565e-06
FI,Gas CHP CC,4.322199754362817e-07,6.502294439312729e-07,8.130665694342527e-07,9.742762643709494e-07,1.0645477550270716e-06
FI,Hydroelectricity,2.74763,2.74763,2.74763,2.74763,2.74763
FI,Hydrogen turbines,1.0359229097174444e-06,1.6742671603357737e-06,2.102107889297029e-06,2.4056607952116374e-06,2.618988083558029e-06
FI,Micro gas CHP,8.78235023387914e-08,1.2892107414127906e-07,1.582974778942314e-07,1.781145587469004e-07,1.945630761857042e-07
FI,Nuclear,4.3940000787576174,4.394000360245899,4.394000562337377,4.394000054752967,4.394000207811876
FI,Offwind,1.0000004274236125,2.950000022046127,4.900000176389214,4.900000353586207,30.000718167289342
FI,Oil,7.854091558062407e-07,1.2690887924317893e-06,1.582595729958845e-06,1.8089504924910368e-06,1.965218564128096e-06
FI,Onwind,6.8490040489623025,6.849006772774606,6.805009514017746,6.716312045901572,5.914014556501626
FI,Solar,0.8830119382121153,0.8830198134234186,0.8830343119660609,5.659952000358251,9.43157991987144
FL,Battery,6.90766108539837e-06,1.2305547288933184e-05,1.7743955874443494e-05,2.403100444980548e-05,3.9042697703641406e-05
FL,Biomass CHP,0.268007230101236,0.2620016132336704,0.2968199121207842,0.2968200755163134,0.2968202037596499
FL,Biomass CHP CC,1.473690377105643e-07,2.2282974503450777e-07,2.7706560709281234e-07,3.1717694731460733e-07,3.495801432714501e-07
FL,Coal/Lignite,5.505231946307537e-07,8.482250591749428e-07,1.0767419745401862e-06,1.2144508926680662e-06,1.3143430970314783e-06
FL,Fuel Cell,2.3990953541817137e-07,3.7010727614406e-07,4.721319058054632e-07,5.520882993299147e-07,6.208711671708881e-07
FL,Gas,2.855302246440224,2.2305034520568343,1.0372047962179,1.0372060312954894,0.6510066422035508
FL,Gas CC,8.340026187632181e-07,1.2888695780841104e-06,1.6643408308515449e-06,1.9429750775617967e-06,2.1515135850879226e-06
FL,Gas CHP,1.0248707925004536e-06,1.6392661702135207e-06,2.8355849094226205e-06,3.317532985629605e-06,3.842943499846881e-06
FL,Gas CHP CC,5.012853418653781e-07,7.45885121396685e-07,1.1257579763667444e-06,1.645992900304606,1.6459932870053362
FL,Hydrogen turbines,1.0233338959726105e-06,1.653113536363081e-06,2.1893592210011773e-06,2.612707162875556e-06,3.0499522187526698e-06
FL,Micro gas CHP,9.411754761082757e-08,1.371406742439063e-07,1.689945719606562e-07,1.8949073966441197e-07,2.0757050382899178e-07
FL,Nuclear,1.0468514354275569,1.0468518607654265,0.0208521653442991,0.0208524925180173,0.0208527710574096
FL,Offwind,7.999999972068918,7.999999983944778,7.999999984260851,7.999999973077731,7.9999999892143885
FL,Oil,7.476159166390693e-07,1.2137555353361667e-06,1.5730232907182024e-06,1.7917881947101949e-06,1.9431731361069407e-06
FL,Onwind,2.654609390389734,2.654613557473534,2.7005946781186583,2.4832236226165167,2.1845021175099286
FL,Solar,4.349389372221184,6.060200399973021,13.758750645379951,16.65215585410875,16.65216627904788
FR,Battery,7.896944478044156e-06,1.4122950885786553e-05,2.020922524210393e-05,2.4996217118870767e-05,2.085521868064569e-05
FR,Biomass CHP,4.8382252921168645,5.415593443910563,5.659349026635845,5.845166400878779,5.845166811444095
FR,Biomass CHP CC,1.6243715941806794e-07,2.405103546233484e-07,2.951140365487554e-07,4.187161744464321e-07,6.457590499502312e-07
FR,Coal/Lignite,5.885315653565652e-07,8.872005779462053e-07,1.1045673550245875e-06,1.2385959889379983e-06,1.3380017399707008e-06
FR,Fuel Cell,2.3133400749469225e-07,3.593243376125652e-07,4.467176854910483e-07,5.11578204921587e-07,5.653763417548532e-07
FR,Gas,6.116002247574661,6.116003440502474,5.913004218803705,5.913004727799246,4.85700507421508
FR,Gas CC,8.90614676917928e-07,1.3423021311490935e-06,1.648361681503665e-06,1.8595483923083769e-06,2.014312726449938e-06
FR,Gas CHP,9.672931261687227e-07,1.57205569401009e-06,1.978326723759996e-06,2.2290212991624106e-06,2.403217775915945e-06
FR,Gas CHP CC,4.546500107610988e-07,6.964060491171116e-07,8.964450018756707e-07,1.0729455716872903e-06,1.1843108539771714e-06
FR,Hydroelectricity,19.950142143052236,19.950142143052236,19.950142143052236,19.950142143052236,19.950142143052236
FR,Hydrogen turbines,1.0654203638030225e-06,1.7125721365201651e-06,2.146183522655465e-06,2.45094195185431e-06,2.6695475334859394e-06
FR,Micro gas CHP,9.287204758772504e-08,1.3514556158987984e-07,1.6553978801227429e-07,1.8531006544242506e-07,2.0183680398315957e-07
FR,Nuclear,61.76098214376471,62.33400125729581,62.90702002052289,62.907020134306286,62.90702030700012
FR,Offwind,8.516355740512923,15.12500072288367,26.375000917640826,48.97943575456217,63.1968595856483
FR,Oil,0.2540007939409663,0.2540012801610189,1.5946621277525586e-06,1.821227164736506e-06,1.9776728207698418e-06
FR,Onwind,22.155602950398187,22.15562965365376,26.802811640304064,48.27169604600776,115.20937252775492
FR,Solar,32.71725023955818,48.25402745175241,72.42611035411784,82.34350001136016,145.4365834572448
GB,Battery,1.5291366118713413e-05,2.725670262872156e-05,3.9071760566036975e-05,5.217001148820581e-05,0.1342667524488042
GB,Biomass CHP,5.660302238208027,5.188702986385457,2.766003460929428,3.720787902684709e-06,3.943585564395719e-06
GB,Biomass CHP CC,2.686068687630846e-07,4.1074605142022714e-07,5.07405928499213e-07,5.729128674432065e-07,6.249991400332075e-07
GB,Coal/Lignite,0.8500011711470333,0.8500017703178968,2.210456506015539e-06,2.485868826179219e-06,2.6962580134084884e-06
GB,Fuel Cell,4.645786620059346e-07,7.19682296874928e-07,9.015723959319546e-07,1.0569691118904106e-06,1.1956247813350835e-06
GB,Gas,29.87022708104596,29.87022951382904,14.43510879377489,9.474010182708192,9.061011459587904
GB,Gas CC,1.773383865685594e-06,2.689677161374891e-06,3.32727720679224e-06,3.833121491188989e-06,4.275214263870985e-06
GB,Gas CHP,2.006388762778521e-06,3.205337491936054e-06,4.127371620973332e-06,4.910214726600063e-06,1.13809705133996e-05
GB,Gas CHP CC,1.0154250210292843e-06,1.5341507772136392e-06,1.998887666064113e-06,0.6950071535321919,0.6950078475052605
GB,Hydroelectricity,9.4553,9.4553,9.4553,9.4553,9.4553
GB,Hydrogen turbines,2.124197935414106e-06,3.3792972559682695e-06,4.273105320980378e-06,5.028263642365891e-06,5.9858133073960985e-06
GB,Micro gas CHP,1.8171437515621936e-07,2.650144764556097e-07,3.250760889394392e-07,3.649753496863133e-07,3.985719269789665e-07
GB,Nuclear,8.806001059167203,9.373000573225973,13.23600125411784,13.236001727500618,13.236002176567936
GB,Offwind,52.46700140202747,74.3125019974281,96.1580007660885,96.70532398200064,116.95685441094334
GB,Oil,1.5889337655928226e-06,2.558595670013331e-06,3.1909116027494253e-06,3.644642029398933e-06,4.127305157387457e-06
GB,Onwind,15.038711014874648,15.038727433689504,14.1189292534034,55.53435449388435,87.99655595058358
GB,Solar,15.639034824838038,35.0749192528538,74.24471679601874,111.17314824315386,136.35280834863755
GR,Battery,0.5075896934943915,0.6354410775689644,2.2952085033308003,2.4859648236810377,2.2979762337307936
GR,Biomass CHP,0.2878341207279987,0.3325406410644793,0.3325413079541575,0.3544633573310601,0.3554067585286082
GR,Biomass CHP CC,1.480086883767043e-07,2.2238412216989446e-07,2.730619547976422e-07,3.359240866155847e-07,4.1559948172678954e-07
GR,Coal/Lignite,5.946251078948847e-07,8.970392881252484e-07,1.1147303683110126e-06,1.249688870460347e-06,1.348207943456714e-06
GR,Fuel Cell,2.329043390105056e-07,3.619552821066803e-07,4.547911899630304e-07,5.290251193113679e-07,5.913190626621904e-07
GR,Gas,4.170144753851069,4.170145990885587,3.242146801626545,1.7750050379450566,0.933005429735184
GR,Gas CC,8.87527551051465e-07,1.3382684266090656e-06,1.6429634698420676e-06,1.8672942494929055e-06,2.039962672727544e-06
GR,Gas CHP,9.824037490653016e-07,1.6014711409290134e-06,2.040035036717346e-06,2.3238632624975156e-06,2.5510035127038016e-06
GR,Gas CHP CC,4.470006340705314e-07,6.751287657357437e-07,8.71034095516132e-07,1.2990201875451591e-06,1.4846705928548542e-06
GR,Hydroelectricity,3.3681,3.3681,3.3681,3.3681,3.3681
GR,Hydrogen turbines,1.0587022758212493e-06,1.6920048629500662e-06,2.125443563589639e-06,2.452014769437183e-06,2.706241847894346e-06
GR,Micro gas CHP,9.158837081514693e-08,1.3373280495471185e-07,1.638608627421981e-07,1.8377975356831226e-07,2.00856874952912e-07
GR,Nuclear,5.84555999635649e-07,1.0127952123105903e-06,1.2820668831079118e-06,1.6072490802280376e-06,1.9128955472642217e-06
GR,Offwind,9.047089777960142,10.54248263367398,11.29265947627688,14.642046057143933,15.370713842365053
GR,Oil,0.0944870159668177,0.0944875010366391,0.0944878150391859,0.0944880417326859,1.977808896428136e-06
GR,Onwind,4.994331915151148,4.994333040721939,4.729334251464039,3.922335068680997,3.1293359957289892
GR,Solar,15.036929861007328,17.08999543324994,23.51869350507799,23.518696088858,23.51870090343131
HR,Battery,1.9297770360460364e-05,0.0127639682155684,0.0127788241757542,0.235531742909603,0.3575701931728718
HR,Biomass CHP,0.2551121928048157,0.2751346419033526,0.2824448796472448,0.3223063420598412,0.3223072010346569
HR,Biomass CHP CC,1.500893436701367e-07,2.2559182480033165e-07,2.780102995835929e-07,3.7147945350225874e-07,4.7518983267478666e-07
HR,Coal/Lignite,6.020280834357617e-07,9.032340262601594e-07,1.1223309288362807e-06,1.2590675767502603e-06,1.3579195950133996e-06
HR,Fuel Cell,2.2520694419756985e-07,3.547608400443942e-07,4.495340334408529e-07,5.288702465622186e-07,5.933478676783546e-07
HR,Gas,0.07800225061665,0.0780034352018192,0.0780042433723886,0.0780048922191954,0.0780053102711421
HR,Gas CC,8.64753408522359e-07,1.3100916633885348e-06,1.61531982898416e-06,1.852582697989186e-06,2.0319277657018475e-06
HR,Gas CHP,9.575368651240992e-07,1.5291456644735388e-06,1.93461854896585e-06,2.2108998380580378e-06,2.4470245997230943e-06
HR,Gas CHP CC,4.3739851540053673e-07,6.61485602817177e-07,8.456624976019706e-07,1.797776149667059e-06,2.028395438585402e-06
HR,Hydroelectricity,2.383272188890403,2.383272188890403,2.383272188890403,2.383272188890403,2.383272188890403
HR,Hydrogen turbines,1.0492112797269588e-06,1.681429036337166e-06,2.119001752133548e-06,2.4672265388877013e-06,2.7350254301622142e-06
HR,Micro gas CHP,9.203077890782339e-08,1.3468399089199026e-07,1.655182366461891e-07,1.8586930046203298e-07,2.0323603240430833e-07
HR,Nuclear,5.454435672504561e-07,1.0631215797845751e-06,1.3705130331985627e-06,1.7960769602683526e-06,2.2503729720207547e-06
HR,Offwind,0.510000000462161,0.8550001713674991,1.2000000000957742,1.2000011117230605,1.2000024936759817
HR,Oil,7.876711375923274e-07,1.2736385806938792e-06,1.5883142726965012e-06,1.8151718984707548e-06,1.9717138004757477e-06
HR,Onwind,1.136901598217503,1.1369026213505653,1.1369035976822992,1.063904304780024,0.7249050467374903
HR,Solar,2.7047648956744226,2.833067090717501,5.525829675148492,7.905521517832404,7.905523786154052
HU,Battery,7.155550101459159e-06,1.2856077191064528e-05,1.9279264929561016e-05,5.916435056916283e-05,1.1250374249046808
HU,Biomass CHP,1.0301303457332005,1.0850067280902134,1.148166570670136,1.2730638929915508,1.3829143518165323
HU,Biomass CHP CC,1.475990573393109e-07,2.2322971619503857e-07,2.768159730801364e-07,4.436521871069251e-07,1.489953672861879e-06
HU,Coal/Lignite,0.2304848335602161,8.947791409605508e-07,1.115045266411349e-06,1.252647105134198e-06,1.3515897268013606e-06
HU,Fuel Cell,2.2664344352785557e-07,3.550509534849824e-07,4.446707972849916e-07,5.16046163529949e-07,5.717585842941934e-07
HU,Gas,1.7242023944824731,1.7242035965396258,1.7242044549124802,0.6467052400676453,0.4266056764144696
HU,Gas CC,8.84635652152128e-07,1.331571219286138e-06,1.6447662132017927e-06,1.892941714946337e-06,2.0761854856362406e-06
HU,Gas CHP,9.737815127721304e-07,1.539156360273185e-06,1.9371206488958208e-06,2.197570830463168e-06,2.3903445176514164e-06
HU,Gas CHP CC,4.505203022219029e-07,6.730385085956139e-07,8.451672183418531e-07,1.1019590075058322e-06,1.23034999046325e-06
HU,Hydroelectricity,0.0477,0.0477,0.0477,0.0477,0.0477
HU,Hydrogen turbines,1.059629472668755e-06,1.6917718168767472e-06,2.12876412946374e-06,2.4720678367107096e-06,2.7435470346746023e-06
HU,Micro gas CHP,9.25913052419426e-08,1.353797644176243e-07,1.6596847558782082e-07,1.8632521014954779e-07,2.0360061263698889e-07
HU,Nuclear,3.0970000557597688,3.686999205023012,4.276998166701188,4.2769985590633715,4.276998998766779
HU,Oil,0.1700007888199824,0.1700012746135465,0.1700015893864956,1.816286172264558e-06,1.9729352263485963e-06
HU,Onwind,0.3350022424182428,0.3350039583871216,0.3180060041575679,0.0420085939402206,1.0854530081360954
HU,Solar,7.724498813666521,12.322636367470414,17.613536785684378,22.593259174733944,25.56597994319159
IE,Battery,7.774486457364457e-06,1.3772701571158576e-05,1.970130207914251e-05,2.581478642386435e-05,0.1128545142374972
IE,Biomass CHP,0.1328034574989457,0.1906398841908978,0.2346762216792542,0.234676361715804,0.2346765186706949
IE,Biomass CHP CC,1.453010741068317e-07,2.239257966572838e-07,2.821391588559393e-07,3.20160859975433e-07,3.537841015879169e-07
IE,Coal/Lignite,0.2530005777708471,0.2530008777279505,0.2530010972065244,0.2530012345928156,0.1350013431451712
IE,Fuel Cell,2.316606247207243e-07,3.5593160523859725e-07,4.435805096973804e-07,5.169765829585347e-07,5.917978329135425e-07
IE,Gas,3.261002279082774,3.261003514937396,3.261004359609062,3.261005060308363,0.3130059505634663
IE,Gas CC,8.718421547029359e-07,1.3328355863694774e-06,1.6493430246206586e-06,1.8986303939809556e-06,2.161590712119904e-06
IE,Gas CHP,9.910824742101814e-07,1.5865346121840812e-06,1.9851181629482177e-06,2.296810288023423e-06,0.0837714003844846
IE,Gas CHP CC,4.711457966211161e-07,7.014273438478726e-07,8.822821074987896e-07,1.9657172277027197e-06,2.9818369389647743e-06
IE,Hydroelectricity,0.609,0.609,0.609,0.609,0.609
IE,Hydrogen turbines,1.0424538397822975e-06,1.66812243832548e-06,2.104471920915114e-06,2.4609758548248255e-06,3.110295318825049e-06
IE,Micro gas CHP,9.03305253506997e-08,1.31932513084697e-07,1.6178408054796844e-07,1.815490618854067e-07,1.9837182578232108e-07
IE,Nuclear,5.093669652603024e-07,8.130664544650297e-07,1.0263143187220114e-06,1.2624135821540928e-06,1.499317009521204e-06
IE,Offwind,5.025200153765569,8.060700248318081,11.09600073335236,11.0962000298754,11.096204406669123
IE,Oil,0.2080007942799629,0.208001278746183,0.2080015923683419,1.8190256894792072e-06,2.145031290327731e-06
IE,Onwind,4.665233774956661,4.66523561812042,4.313637340455776,3.416539036917306,2.3557912218487833
IE,Solar,0.7333368008745389,0.7333482398831545,4.52618407854644,9.111863644281126,9.111865580774197
IT,Battery,3.591612117518913e-05,2.6885458322915285,9.871434231927225,13.493008581897897,14.42638795308163
IT,Biomass CHP,2.242208755268543,1.84208981358082,1.8420901484766232,1.842090359537223,1.84209046511964
IT,Biomass CHP CC,1.499557590671139e-07,2.2283327029657037e-07,2.72265075866371e-07,3.1961196397624074e-07,3.530562897525544e-07
IT,Coal/Lignite,1.2129902641734932e-06,1.819994215712017e-06,2.2720814883951383e-06,2.54684027143837e-06,2.749365128766035e-06
IT,Fuel Cell,5.069389345398857e-07,7.727387369172585e-07,9.56096144087268e-07,1.0964194700291569e-06,1.2289440398601634e-06
IT,Gas,39.12020622435196,39.101208979641754,28.488011069926717,13.520868986956067,2.8948700933396214
IT,Gas CC,1.9790094390436693e-06,2.920820923665675e-06,3.5803571970609666e-06,4.100457530345441e-06,4.510393097992368e-06
IT,Gas CHP,1.1694164195333467e-06,1.8699062262935664e-06,2.3885959205323173e-06,2.66594445130088e-06,2.902325901802197e-06
IT,Gas CHP CC,6.992492666759453e-07,1.0026231985040606e-06,1.3607253870430007e-06,8.031360488780805,8.703215892275383
IT,Hydroelectricity,19.07129,19.07129,19.07129,19.07129,19.07129
IT,Hydrogen turbines,2.279129546826687e-06,3.629011798403642e-06,4.531682971814384e-06,5.2655617282180095e-06,6.139288294821601e-06
IT,Micro gas CHP,1.8638981827620912e-07,2.71915789635862e-07,3.3415155931188436e-07,3.751618605928566e-07,4.10885125917391e-07
IT,Nuclear,1.5955098723679706e-06,2.882113766578943e-06,4.151468283840049e-06,5.105393179454545,9.602170251149229
IT,Offwind,8.500001818784966,13.500000312509062,18.50000025139385,18.500006265683982,20.019648867027044
IT,Oil,0.1500015981559433,2.5672517889985493e-06,3.197696466089539e-06,3.652224092663784e-06,3.96639550945853e-06
IT,Onwind,11.944518714843696,11.94452585745408,14.711067820665209,31.29187427188489,39.59849744191452
IT,Solar,114.17024723914416,147.97880573864322,176.60632100290715,187.21102170332432,200.9265704414792
LT,Battery,7.08812798173487e-06,1.2674092027379538e-05,1.806071434003406e-05,2.2479687243895597e-05,1.8807592027110605e-05
LT,Biomass CHP,0.4733105843523383,0.4733116583194632,0.4733121579414402,0.4733123946962928,0.4733126022676227
LT,Biomass CHP CC,1.4823892388136268e-07,2.242785837076108e-07,2.770800919202683e-07,3.8339706516392644e-07,0.0184745373971806
LT,Coal/Lignite,5.894146476232493e-07,8.856423564428816e-07,1.0974723688486078e-06,1.2311530145731853e-06,1.3301372910475063e-06
LT,Fuel Cell,2.232371243005698e-07,3.45730989724105e-07,4.2874414239614275e-07,4.910853372150693e-07,5.408860164237078e-07
LT,Gas,1.045002189580376,1.045003310168228,1.045004040520486,1.045004555724902,4.991287126712616e-06
LT,Gas CC,8.59089493189549e-07,1.2962367539655688e-06,1.5872319998917446e-06,1.801043942983624e-06,1.984166800368727e-06
LT,Gas CHP,9.519527058541052e-07,1.4749822055242903e-06,1.8115293257550463e-06,2.0477172126290567e-06,2.2548114563318227e-06
LT,Gas CHP CC,4.38857525179438e-07,6.444138214413338e-07,7.833738244766635e-07,8.89551563295855e-07,9.811408618034168e-07
LT,Hydroelectricity,1.001,1.001,1.001,1.001,1.001
LT,Hydrogen turbines,1.0462892003534046e-06,1.6692938467760598e-06,2.088901116110825e-06,2.4016520171789168e-06,2.68950707112305e-06
LT,Micro gas CHP,9.093433109774593e-08,1.3257025388382898e-07,1.6192427696084269e-07,1.8158918339430493e-07,1.984765652100172e-07
LT,Nuclear,5.045954238741931e-07,8.155793851074228e-07,9.870957096980384e-07,1.180680892439384e-06,1.3608670333073454e-06
LT,Offwind,1.6773980722248365,2.800000038367908,4.20000000499055,4.200000427166419,4.579388597799
LT,Oil,7.887738695624591e-07,1.2736368871483094e-06,1.5875421192005448e-06,1.8140847576819272e-06,1.9707275224710347e-06
LT,Onwind,1.2860031501403486,1.2860049455588027,1.2860062756573316,1.154007315152401,0.8510087890914874
LT,Solar,1.1649121030600704,1.1649252956177596,1.529015583022591,3.171572625767507,6.767224292260136
LU,Battery,6.843333752695699e-06,1.228224453470458e-05,1.759255450710298e-05,2.2479047482748364e-05,2.548498319127542e-05
LU,Biomass CHP,0.0517170788030153,0.0517201279677499,0.0533233016396345,0.0533236056586107,0.0533237655015273
LU,Biomass CHP CC,1.5230038657109606e-07,2.269145985360975e-07,2.806830988635116e-07,3.360923890420323e-07,3.750384911047384e-07
LU,Coal/Lignite,5.676828674282801e-07,8.675805843293985e-07,1.0935584946892923e-06,1.23163465762985e-06,1.333146261521439e-06
LU,Fuel Cell,2.365304035886633e-07,3.6367016905782027e-07,4.62088547272333e-07,5.400179877191265e-07,6.156315504352012e-07
LU,Gas,2.0958550483550907e-06,3.2525060378962167e-06,4.2794120273492314e-06,5.080694111125996e-06,5.688278851576928e-06
LU,Gas CC,8.397117056800712e-07,1.2809228408986096e-06,1.617208275799186e-06,1.8722139023481349e-06,2.0859235820672303e-06
LU,Gas CHP,9.65788672835616e-07,1.559098980465328e-06,2.2699982471470436e-06,2.6828877154462138e-06,3.254029960585384e-06
LU,Gas CHP CC,4.7217470609278436e-07,7.10811371008913e-07,9.888921284298552e-07,0.1032121587531358,0.1032135647579505
LU,Hydroelectricity,2.6159,2.6159,2.6159,2.6159,2.6159
LU,Hydrogen turbines,1.0418905772333768e-06,1.6678531129615506e-06,2.161833306853382e-06,2.5509889033576515e-06,2.98560714788066e-06
LU,Micro gas CHP,8.898905836174677e-08,1.3086442123705174e-07,1.6155972345924374e-07,1.817516680490433e-07,1.9896563410120138e-07
LU,Nuclear,4.685966412555926e-07,9.228932216609832e-07,1.2528726448244506e-06,1.5835585579652348e-06,1.9650370031572524e-06
LU,Oil,7.896559435379919e-07,1.2747246302320176e-06,1.6232853857155034e-06,1.850150245190336e-06,2.006708250864826e-06
LU,Onwind,0.2149087080364855,0.214909639719812,0.1939106197727657,0.1939115908134852,0.1738456326664068
LU,Solar,0.4257705173136636,0.505965725039361,1.5470771461035042,1.6327478164119575,1.6091654953008727
LV,Battery,7.352377351097824e-06,1.2990936185903244e-05,1.8502176265357792e-05,2.297746948272577e-05,1.943397157280544e-05
LV,Biomass CHP,0.4268143193205105,0.4268158348996813,0.4268163761299628,0.4268167258389431,0.4268169396931771
LV,Biomass CHP CC,1.4706458877029149e-07,2.226984537579958e-07,2.751587628393873e-07,3.863318052253553e-07,0.0196034033638456
LV,Coal/Lignite,5.859776313489734e-07,8.817421260707397e-07,1.093510475266777e-06,1.226896308839334e-06,1.3256743082993322e-06
LV,Fuel Cell,2.2144144566622225e-07,3.421642061460265e-07,4.235630916507696e-07,4.839697703840479e-07,5.339128532768864e-07
LV,Gas,1.0390021716308764,1.039003289234984,1.0390040194739567,1.0390045313539031,4.964487840239541e-06
LV,Gas CC,8.544920156517325e-07,1.2901759990106752e-06,1.5810545968343144e-06,1.7939470782591074e-06,1.975618635406534e-06
LV,Gas CHP,9.39081271557362e-07,1.4556533831700909e-06,1.7882559061134794e-06,2.0235526508655287e-06,2.2317215105564613e-06
LV,Gas CHP CC,4.203603679103727e-07,6.19585894509976e-07,7.536141671959087e-07,8.546240954504923e-07,9.45623657939992e-07
LV,Hydroelectricity,1.5360999999999998,1.5360999999999998,1.5360999999999998,1.5360999999999998,1.5360999999999998
LV,Hydrogen turbines,1.0473692101947206e-06,1.6704668701787443e-06,2.0894188722001654e-06,2.399852099109208e-06,2.687132950016916e-06
LV,Micro gas CHP,9.007258882195433e-08,1.3120628015373113e-07,1.6012716832057938e-07,1.7948984795723813e-07,1.9618833098255178e-07
LV,Nuclear,5.382716073548777e-07,8.527023486980589e-07,1.0298946667157598e-06,1.2218967401584614e-06,1.4126799006328623e-06
LV,Offwind,0.5000001347920003,0.750000065736189,1.000000000136929,1.0000010636095984,1.0000101849111065
LV,Oil,7.890659211371295e-07,1.2736217426491384e-06,1.587531595786276e-06,1.8140675542915449e-06,1.970768605608571e-06
LV,Onwind,0.1370279365568843,0.1370290497327595,0.113029797382978,0.1130304301919515,0.0741164580369635
LV,Solar,0.3479045731953179,0.3479170961312284,1.072153852494892,2.3172057288274104,3.9726929543169662
ME,Battery,3.207256535295943e-05,0.0091626717646375,0.0211252654789697,0.104475362916351,0.1710215679228697
ME,Biomass CHP,0.0086773022633695,0.0086813219219276,0.0091199864530044,0.0126926811193563,0.0148162257297812
ME,Biomass CHP CC,1.5377421044306348e-07,2.2780265553491198e-07,2.793504930234346e-07,3.632528187987613e-07,4.914648925669884e-07
ME,Coal/Lignite,0.2074820720096367,0.2074823731724807,0.2074825919618405,0.2074827282262707,0.2074828267784028
ME,Fuel Cell,2.362806462816797e-07,3.686141428381513e-07,4.6294316154218724e-07,5.392405215641247e-07,6.032924621347657e-07
ME,Gas,2.21281679834345e-06,3.3857457030544807e-06,4.1739375720434285e-06,4.763827390814102e-06,5.1643882159379935e-06
ME,Gas CC,8.651713630458802e-07,1.3085640130859e-06,1.60961663300041e-06,1.8374713796769663e-06,2.0117928689160406e-06
ME,Gas CHP,1.0091131839375016e-06,1.6116308698406783e-06,2.031545171338024e-06,2.3050051749423016e-06,2.5142930723215575e-06
ME,Gas CHP CC,5.284849199983401e-07,7.717473009628717e-07,9.734739155035336e-07,1.78941917431166e-06,1.951885040165816e-06
ME,Hydroelectricity,0.657321,0.657321,0.657321,0.657321,0.657321
ME,Hydrogen turbines,1.0496136110612797e-06,1.6786615374562438e-06,2.108645844460449e-06,2.4352784474883734e-06,2.701461811804989e-06
ME,Micro gas CHP,9.206984821277856e-08,1.3461131207981036e-07,1.6479976070381608e-07,1.8481447018352715e-07,2.022149230657311e-07
ME,Nuclear,5.580436293040406e-07,1.1229451382965684e-06,1.4678426645493967e-06,1.857232761839424e-06,2.17319951190857e-06
ME,Offwind,6.031975330984653e-07,8.90217206729976e-07,1.117051954452362e-06,1.291352333820837e-06,1.461357065320776e-06
ME,Oil,7.901505386124056e-07,1.2758390445062914e-06,1.590399371809928e-06,1.817194718774079e-06,1.9738389149937746e-06
ME,Onwind,0.1180004311942072,0.118000663662658,0.1180009085510145,0.1180010707930763,0.1180012447063616
ME,Solar,0.5079876843581532,0.9552804745665082,1.4381501686420388,1.4381546407858208,1.4381554860477233
MK,Battery,0.0038084529927343,0.0277791208999508,0.0449022143746113,0.9333517788049712,0.9296736250667724
MK,Biomass CHP,0.0231606434145887,0.0290111386706695,0.0357208495894421,0.0473981888821768,0.0561591836166479
MK,Biomass CHP CC,1.5276827558699346e-07,2.282253031830157e-07,2.807745470686409e-07,3.723482299979487e-07,9.486700001532257e-07
MK,Coal/Lignite,5.988329245540982e-07,8.994713480816232e-07,1.1177706887831735e-06,1.2536685740879532e-06,1.3520761738580529e-06
MK,Fuel Cell,2.26327903347359e-07,3.530540731108206e-07,4.454298721229293e-07,5.16817403633142e-07,5.713424109177841e-07
MK,Gas,2.284464524998603e-06,3.467683661930249e-06,4.273618818133101e-06,4.866115159058557e-06,5.257758729655399e-06
MK,Gas CC,8.723454477624255e-07,1.3168624084186893e-06,1.621494964830406e-06,1.8507494859336056e-06,2.0222761233669796e-06
MK,Gas CHP,9.74118849534519e-07,1.5564583077258874e-06,1.9560709872697865e-06,2.2147069802690508e-06,2.403051387528224e-06
MK,Gas CHP CC,4.534767233176739e-07,6.785077674146476e-07,8.537867540621311e-07,1.027159116958124e-06,1.140172958998755e-06
MK,Hydrogen turbines,1.0479488821464688e-06,1.6744343179412038e-06,2.1084536816246515e-06,2.442931372327257e-06,2.691218726193733e-06
MK,Micro gas CHP,9.110391034791873e-08,1.334022308050947e-07,1.6351800374913426e-07,1.8335391346468282e-07,2.0030778222267882e-07
MK,Nuclear,5.50308601502777e-07,1.0770524301035047e-06,1.3890067062965197e-06,1.7483820404838287e-06,2.0544611384554173e-06
MK,Oil,7.890916394341084e-07,1.2746815911063946e-06,1.589184574195739e-06,1.8159591603285032e-06,1.9726286096598936e-06
MK,Onwind,0.1098005125484105,0.1098006778193678,0.1098008646749841,0.1098009859294925,0.0728011142925814
MK,Solar,1.1860165154142397,1.469896149863775,2.161751730809947,4.5814037381228605,4.581404795313891
NL,Battery,7.449840595914879e-06,1.3252447523372318e-05,1.905446826505876e-05,2.592104038931732e-05,0.0701425852103957
NL,Biomass CHP,0.5650670897063088,0.5650682413005057,0.5650686898444311,0.565068858973959,0.5650689682825729
NL,Biomass CHP CC,1.4550345086242874e-07,2.202437943954156e-07,2.723179316784338e-07,3.1264346449771465e-07,3.406509405245337e-07
NL,Coal/Lignite,0.4850005933041081,0.4850008918231298,1.1174123796943976e-06,1.2553309665500094e-06,1.3563341185668716e-06
NL,Fuel Cell,2.3167770405205918e-07,3.612379914611942e-07,4.591658662471921e-07,5.387471295332352e-07,6.062495172771557e-07
NL,Gas,8.621102335046622,8.621103552253539,5.899104713310635,5.039105648360105,4.954106243126513
NL,Gas CC,8.895923203917208e-07,1.349270459471978e-06,1.7100701845780009e-06,1.985172337241668e-06,2.2064655538127034e-06
NL,Gas CHP,1.072245877277438e-06,1.683387481330639e-06,2.528377215065396e-06,2.9971440450168272e-06,3.460641779403346e-06
NL,Gas CHP CC,5.483961562110339e-07,8.038860360969843e-07,1.129752017226698e-06,2.0570264408264634,2.0570267249351817
NL,Hydrogen turbines,1.05680579514496e-06,1.686514393145444e-06,2.185929471722663e-06,2.598008293554348e-06,3.03725956265466e-06
NL,Micro gas CHP,9.274544275779325e-08,1.3500306777068596e-07,1.6597093893378374e-07,1.862514233901472e-07,2.0322403324020585e-07
NL,Nuclear,0.4860001766656265,0.4860005197751405,0.4860007572909367,0.4860010433628261,0.4860012963494599
NL,Offwind,22.97119065225285,33.54300079810747,50.5430002370168,55.389615149866934,98.90841405333714
NL,Oil,7.93036485866596e-07,1.279074214947171e-06,1.6309820577170388e-06,1.8579489556272752e-06,2.014693028360111e-06
NL,Onwind,15.623171877097006,15.623177911121063,15.00158517960955,19.64837067681916,19.033496485360967
NL,Solar,23.9040288026277,26.633779438779296,34.20051426272197,44.92377848604051,54.474351495941114
NO,Battery,7.536523517452391e-06,1.3357666665628862e-05,1.8890724515410547e-05,2.325766262585464e-05,1.8982504636788227e-05
NO,Biomass CHP,0.0611448702698855,0.0975668227107598,0.1843390142333357,0.4202663029647124,0.4202665435007258
NO,Biomass CHP CC,1.363818676423415e-07,2.0990183577345125e-07,2.632305069984029e-07,3.72575433938731e-07,0.1772690009297356
NO,Coal/Lignite,5.748732494156457e-07,8.69314712961011e-07,1.0811859394101162e-06,1.213808725200994e-06,1.3130554980097016e-06
NO,Fuel Cell,2.1348836812198338e-07,3.323707069185979e-07,4.146578865420036e-07,4.752291068324059e-07,5.204367486308545e-07
NO,Gas,0.524001909630914,0.5240030002334104,0.5240036991994544,0.5240041762662053,4.505608768312559e-06
NO,Gas CC,8.247540529545063e-07,1.2554109938258927e-06,1.5430025091131227e-06,1.7469690288134782e-06,1.8997182258675484e-06
NO,Gas CHP,8.579094248837867e-07,1.3957500823718566e-06,1.761118655666776e-06,2.0068249747163868e-06,2.17791784557934e-06
NO,Gas CHP CC,3.7566166374784826e-07,5.752290742225363e-07,7.211765682350809e-07,8.293825902867341e-07,9.154999379958308e-07
NO,Hydroelectricity,29.470674200000005,29.470674200000005,29.470674200000005,29.470674200000005,29.470674200000005
NO,Hydrogen turbines,1.0187387303762497e-06,1.653508184930524e-06,2.078294886543966e-06,2.377844069434829e-06,2.5887508356046093e-06
NO,Micro gas CHP,9.00749693104157e-08,1.3130000369297433e-07,1.6064649056952653e-07,1.8021334151998981e-07,1.9673053136680194e-07
NO,Nuclear,4.13484078736851e-07,6.914419624117407e-07,8.659030144706436e-07,1.0267263829662457e-06,1.1644167307041903e-06
NO,Offwind,3.0040007123172443,6.504000297355462,10.004000101937615,10.004002888079306,10.00400856079554
NO,Oil,7.920041297238124e-07,1.2759905491950374e-06,1.5894833684883234e-06,1.8157846418598057e-06,1.972193716088094e-06
NO,Onwind,5.049703610237131,5.049705951592098,4.797708345971725,4.640010234772269,4.19801240412828
NO,Solar,0.6008020525578741,0.6008088662714057,0.6008174546502708,4.6867271968272375,6.607377181938194
PL,Battery,7.249915081618505e-06,1.3050479615723415e-05,1.8687536004264088e-05,2.334746506508628e-05,2.937019350358024e-05
PL,Biomass CHP,3.507018369581097,3.511621396741207,3.689977493201537,3.81149280863067,3.8114931058794137
PL,Biomass CHP CC,1.594623799544983e-07,2.3487411774918226e-07,2.877350871028842e-07,4.445564606514154e-07,1.1106692046779037e-06
PL,Coal/Lignite,6.629912041617972,6.629912341638371,3.4030186246445457,3.0941698818494707,0.1790053281290409
PL,Fuel Cell,2.461369162655945e-07,3.744017906685905e-07,4.665910769270999e-07,5.412757831763715e-07,6.022981630200803e-07
PL,Gas,2.1250024814862876,2.1250036800289314,2.125004601470946,1.2156054675088843,1.215606084707202
PL,Gas CC,9.204998801189108e-07,1.3669891744044975e-06,1.6904315902152522e-06,1.9530341278934787e-06,2.1735676298142117e-06
PL,Gas CHP,1.075995863947696e-06,1.664960657495473e-06,2.1465534074167533e-06,2.473615066553606e-06,2.743548516329735e-06
PL,Gas CHP CC,5.487612071521675e-07,7.787108353376938e-07,9.562915531925804e-07,1.1972685442766594e-06,1.359775844898433e-06
PL,Hydroelectricity,2.1205022796075697,2.1205022796075697,2.1205022796075697,2.1205022796075697,2.1205022796075697
PL,Hydrogen turbines,1.0737382869046396e-06,1.7036855802454882e-06,2.1782548584611056e-06,2.577608009196537e-06,3.042404268857527e-06
PL,Micro gas CHP,9.432666310132322e-08,1.3680576721973206e-07,1.676561837519009e-07,1.881092713918639e-07,2.0543193738320426e-07
PL,Nuclear,5.254928633555519e-07,2.2200015501609,4.440000037513346,4.440000386546057,4.44000079919147
PL,Offwind,23.936555775214472,23.936559260068883,23.93655936953733,23.936559371318065,23.936559371318065
PL,Oil,0.0509492482762474,0.0509497335638571,1.6072203264510843e-06,1.8340487115519435e-06,1.9906478999017867e-06
PL,Onwind,10.714300879900971,13.611986512209644,24.866457075246025,36.55546072899851,52.36433406672914
PL,Solar,15.809443827182378,27.94776038739295,40.31028239030128,52.133123334457466,86.78466824698293
PT,Battery,0.2312479103207882,0.5086404182035593,1.7056601352648528,3.1714882439901704,3.828525778215627
PT,Biomass CHP,0.1868044662196747,0.204534884425855,0.2233347398721018,0.2623035227858709,0.2623038185024249
PT,Biomass CHP CC,1.493117675618129e-07,2.2492874776490593e-07,2.780113099434074e-07,3.975231500113687e-07,0.0008972253370349
PT,Coal/Lignite,5.947601783957831e-07,8.971045877405349e-07,1.1174180095334617e-06,1.252329043116464e-06,1.351900980855427e-06
PT,Fuel Cell,2.3228550374247027e-07,3.593548789972238e-07,4.50589658940605e-07,5.188568235416482e-07,5.711587906405055e-07
PT,Gas,3.82900236003658,3.8290036134615137,2.8390044468335547,1.6630049773709272,1.663005335748657
PT,Gas CC,8.920835102161576e-07,1.3464866095563808e-06,1.6556969061969316e-06,1.8722930645217944e-06,2.0306984652460763e-06
PT,Gas CHP,9.634046799456514e-07,1.5611774615267942e-06,1.964063525659894e-06,2.2122975817140157e-06,2.386166709738453e-06
PT,Gas CHP CC,4.165948051096978e-07,6.445494897036725e-07,8.162741597105845e-07,9.38618911926976e-07,1.026724030230948e-06
PT,Hydroelectricity,7.142200000000001,7.142200000000001,7.142200000000001,7.142200000000001,7.142200000000001
PT,Hydrogen turbines,1.0785834491885929e-06,1.7332211005686658e-06,2.1754944747634535e-06,2.5024694866029733e-06,2.733965691668315e-06
PT,Micro gas CHP,8.921547675161978e-08,1.308969816970112e-07,1.6119253433891017e-07,1.808632018632719e-07,1.9701464385673706e-07
PT,Nuclear,5.794271860063442e-07,1.006129887869991e-06,1.2839885715904703e-06,1.5759905180653392e-06,1.7896663850516452e-06
PT,Offwind,2.345770774953608,6.000000042331748,10.00000053144496,10.00000116653116,10.000001843052
PT,Oil,7.853639413311113e-07,1.270068547273734e-06,1.5839431781204442e-06,1.810574765963004e-06,1.9671339595635313e-06
PT,Onwind,21.511590925708777,23.06846871483284,23.199054809181263,23.970024823106034,25.65963397135569
PT,Solar,9.250416634994313,20.846592891571444,21.329241896372565,21.32924540030979,21.32924946902975
RO,Battery,1.0002441254017053e-05,1.635125872100684e-05,2.5723417854674453e-05,2.2966844477635897,4.150472476395322
RO,Biomass CHP,1.172152869797893,1.1721563240996316,1.172157054689977,1.1721597141089506,1.1721603232712754
RO,Biomass CHP CC,1.496051545610879e-07,2.246821369209512e-07,2.764057268849536e-07,3.774940641302702e-07,0.0441431082847727
RO,Coal/Lignite,0.276642558330511,8.978693376645971e-07,1.116160597852562e-06,1.2519604679142172e-06,1.3506121017059691e-06
RO,Fuel Cell,2.3404179111810007e-07,3.599211693629989e-07,4.497924738881121e-07,5.182437696286904e-07,5.690312304191854e-07
RO,Gas,2.468190062566428e-06,3.7134929625096654e-06,4.531079961704201e-06,5.149783571335322e-06,5.552568961499643e-06
RO,Gas CC,8.946391642513732e-07,1.3472722988890486e-06,1.6534598035935491e-06,1.8854593786568603e-06,2.060351379159534e-06
RO,Gas CHP,9.898925809210677e-07,1.555308466813419e-06,1.9388963932195485e-06,2.1999451043721812e-06,2.3843954023205304e-06
RO,Gas CHP CC,4.467322732836682e-07,6.573471351707965e-07,8.15542099314001e-07,9.58236469610973e-07,1.0601405577680197e-06
RO,Hydroelectricity,7.94739,7.94739,7.94739,7.94739,7.94739
RO,Hydrogen turbines,1.0640010547539831e-06,1.701054624226232e-06,2.140662685544699e-06,2.479339133777698e-06,2.742211560821621e-06
RO,Micro gas CHP,9.358988843849289e-08,1.3615425482318506e-07,1.6674520383346628e-07,1.8684267092389014e-07,2.038382163641214e-07
RO,Nuclear,1.7390011892398662,2.4130005805203747,3.0870000267240183,3.0870003922052476,3.0870007211141384
RO,Offwind,4.240075654857282,6.805269154008988,7.794043761184155,7.794043823742804,7.794043825017754
RO,Oil,7.961163093853573e-07,1.281313694550135e-06,1.5955330463401054e-06,1.8222766302034597e-06,1.9787897835225193e-06
RO,Onwind,3.3301925785512028,3.3301942999942384,3.3301962509484766,2.9421979175109843,0.087200266615144
RO,Solar,7.409504730530886,11.370496763709642,17.810397090096618,32.07323151672751,40.93452314165273
RS,Battery,1.0570509585480037e-05,0.0476480341493377,0.2739293923873047,1.258620146472058,1.3583244326066533
RS,Biomass CHP,0.1665336120006254,0.2011433725961547,0.2447022468015101,0.3170949769818743,0.3754088998025776
RS,Biomass CHP CC,1.5051372134663668e-07,2.2582896151020865e-07,2.783025812822575e-07,3.913977959402456e-07,8.385146370533372e-07
RS,Coal/Lignite,5.886426686485496e-07,8.888070228666738e-07,1.1074462541209616e-06,1.244071164626922e-06,1.342505143679915e-06
RS,Fuel Cell,2.221660271478705e-07,3.503815751715956e-07,4.429519796182966e-07,5.164293815801104e-07,5.719421630721141e-07
RS,Gas,2.066002126148719e-06,3.211479524522403e-06,3.982587857285164e-06,4.561042200087536e-06,4.956767894654379e-06
RS,Gas CC,8.254230675453425e-07,1.2683092670109465e-06,1.5659194995535358e-06,1.791935686458918e-06,1.9644790313535035e-06
RS,Gas CHP,9.206190559138624e-07,1.4851485261789912e-06,1.8643257282093535e-06,2.115022621286517e-06,2.3002422271513936e-06
RS,Gas CHP CC,4.1770022639231555e-07,6.370174157435635e-07,8.0259150470728e-07,9.97166020961872e-07,1.1083930002094588e-06
RS,Hydroelectricity,3.1125,3.1125,3.1125,3.1125,3.1125
RS,Hydrogen turbines,1.0367343287634934e-06,1.6664441099159396e-06,2.0992039064852827e-06,2.434948921242434e-06,2.6917240213987088e-06
RS,Micro gas CHP,9.332731960693821e-08,1.355094388942977e-07,1.6546030507588202e-07,1.8550622020730477e-07,2.0261017283192905e-07
RS,Nuclear,5.379148355708497e-07,1.0212884692878123e-06,1.2815699034517827e-06,1.6157919587116962e-06,1.937166856139106e-06
RS,Oil,7.88398854186226e-07,1.2741810241396215e-06,1.5886647475573918e-06,1.8154650741937276e-06,1.97203819663277e-06
RS,Onwind,0.5110012736780092,0.5110021190940686,0.511003099076256,0.5110038535394518,0.500604784427301
RS,Solar,3.466205822639731,6.763940884264142,7.414587065808299,14.049074089771867,14.380738990815438
SE,Battery,7.65918546754315e-06,1.3632523410697889e-05,1.9297324981191875e-05,2.368678322445724e-05,1.9385013052749895e-05
SE,Biomass CHP,2.495928204005,2.4959289824012374,2.4959293609788644,2.4959295927530394,2.4959297289512548
SE,Biomass CHP CC,1.605596574691381e-07,2.3759159582769298e-07,2.918130272059002e-07,4.582474140145292e-07,0.2789013681609862
SE,Coal/Lignite,5.743851381249398e-07,8.693108505792792e-07,1.0824089929352328e-06,1.215335619512649e-06,1.3143770522631186e-06
SE,Fuel Cell,2.19381154435186e-07,3.403215252169321e-07,4.233497143520793e-07,4.841632790184747e-07,5.29878223239595e-07
SE,Gas,1.0910018755090682,1.091002962987434,1.0910036638486005,1.0910041466285272,4.476987674909271e-06
SE,Gas CC,8.098134282184548e-07,1.2399216439728045e-06,1.5274737402948242e-06,1.7331513856797055e-06,1.8859902927743592e-06
SE,Gas CHP,8.918870088518813e-07,1.429756448131903e-06,1.7876166906390305e-06,2.0339891165937216e-06,2.2050464784509255e-06
SE,Gas CHP CC,3.9695724031582404e-07,5.99406369540673e-07,7.433447592756373e-07,8.511331094451261e-07,9.354841315516156e-07
SE,Hydroelectricity,12.155186624932508,12.155186624932508,12.155186624932508,12.155186624932508,12.155186624932508
SE,Hydrogen turbines,1.0127744089728662e-06,1.6487946994525e-06,2.0740345099485885e-06,2.3731946079960625e-06,2.5862752100524303e-06
SE,Micro gas CHP,8.74868136217005e-08,1.2800494606147805e-07,1.57158777111744e-07,1.7687900511755793e-07,1.9331304218257978e-07
SE,Nuclear,8.617000465504107,8.617000762017131,8.617000964902797,8.617001132707172,8.61700128279003
SE,Offwind,0.6000003014784389,6.600000290441517,12.600000107275774,12.60000014740444,15.39485095421444
SE,Oil,7.922377704003811e-07,1.2763679811674476e-06,1.5900178709776675e-06,1.8163210441536892e-06,1.97267359553888e-06
SE,Onwind,15.863004843625154,15.863007973409898,15.559010880589478,14.20501365501789,10.453016739068005
SE,Solar,3.4770125626442687,3.477020981452443,3.477051048609454,18.854220205135217,21.131878902715822
SI,Battery,6.887893958522374e-06,1.2421357160569974e-05,1.836577621549425e-05,3.1357892266198825e-05,0.1673097073641688
SI,Biomass CHP,0.1517652846599308,0.1517698517960909,0.1517765888184702,0.1626755612636012,0.1626771580928466
SI,Biomass CHP CC,1.5017245944475696e-07,2.2585640467390774e-07,2.78859707756108e-07,3.8104839101997306e-07,1.6266903757341522e-06
SI,Coal/Lignite,0.1340005981375573,8.993408359596252e-07,1.1186315711806762e-06,1.2551609394793e-06,1.3542505087941685e-06
SI,Fuel Cell,2.2944783078538475e-07,3.5967291270445466e-07,4.527678898954181e-07,5.239275833266054e-07,5.83586183749637e-07
SI,Gas,0.4340021956520686,0.4340033637421079,0.4340041495827541,0.4340047658653916,0.3500051874932673
SI,Gas CC,8.588142338531238e-07,1.3021996738740658e-06,1.60497275638267e-06,1.837310571668182e-06,2.017556527138824e-06
SI,Gas CHP,9.533880576394684e-07,1.5279467264685002e-06,1.919921250158659e-06,2.1716067126786207e-06,2.372004115727694e-06
SI,Gas CHP CC,4.362336399972108e-07,6.619090505672206e-07,8.340296473109737e-07,9.858842048516449e-07,1.1183498617169417e-06
SI,Hydroelectricity,1.210275,1.210275,1.210275,1.210275,1.210275
SI,Hydrogen turbines,1.0600380880035551e-06,1.690636004353165e-06,2.124635185285602e-06,2.4659290745545946e-06,2.7411950548151576e-06
SI,Micro gas CHP,9.173206221545783e-08,1.3414896980721958e-07,1.6473832255517753e-07,1.850334410590825e-07,2.022536828513878e-07
SI,Nuclear,0.6960005514103346,0.6960011075967798,0.6960014575156834,0.6960019361033295,0.6960024829931288
SI,Offwind,4.333195888597815e-07,7.124548293780306e-07,9.149310499446088e-07,1.0829023039413285e-06,1.2845693913998175e-06
SI,Oil,7.874404907837493e-07,1.273039990117994e-06,1.5875406352649203e-06,1.8143873070161709e-06,1.9709252781911394e-06
SI,Onwind,1.0914362870617865e-06,1.7500007698826876e-06,2.324141394782991e-06,2.710710593908298e-06,3.057546250965917e-06
SI,Solar,1.6478461495878345,2.7750622267652325,4.459166831979486,5.595313058340962,5.595314947136225
SK,Battery,6.913976168134364e-06,1.246941819917111e-05,1.814940562773816e-05,2.5297947922116996e-05,8.351263501681319e-05
SK,Biomass CHP,0.6082310725155,0.6082318617057312,0.6082322832816771,0.6082325119745063,0.6082326998492069
SK,Biomass CHP CC,1.5003416140047493e-07,2.242272641030687e-07,2.756533110569295e-07,3.643604199283609e-07,4.925851135371321e-07
SK,Coal/Lignite,0.5495379239030359,8.923189964285977e-07,1.113258921834678e-06,1.251777574562672e-06,1.3522868653630333e-06
SK,Fuel Cell,2.25159561397108e-07,3.486928537521896e-07,4.3765966218144505e-07,5.084376034934163e-07,5.661063859793386e-07
SK,Gas,0.7280023404223692,0.7280035359432413,0.5100044409378311,0.5100055000888624,6.085340059652318e-06
SK,Gas CC,8.771351551334208e-07,1.3218777616059912e-06,1.6403014401946926e-06,1.9070876906200132e-06,2.1197991711991286e-06
SK,Gas CHP,9.690720484280676e-07,1.5043013745783544e-06,1.8933087601207517e-06,2.1649025363177616e-06,2.399735716128441e-06
SK,Gas CHP CC,4.4385574729863537e-07,6.517802795644214e-07,8.124937219681955e-07,1.0000146940675827e-06,1.1252767046407584e-06
SK,Hydroelectricity,2.279013,2.279013,2.279013,2.279013,2.279013
SK,Hydrogen turbines,1.0560833270086837e-06,1.682686297712557e-06,2.129918243651361e-06,2.507885077690351e-06,2.893226171041432e-06
SK,Micro gas CHP,9.170783350462409e-08,1.3434440914727598e-07,1.6522125543111734e-07,1.8583009360979555e-07,2.0326398443478655e-07
SK,Nuclear,2.814636012520555,2.8221360396205197,2.829636013734672,2.8296365456974346,2.8296377209236354
SK,Oil,7.870118668612951e-07,1.2725385829084137e-06,1.5925573296678051e-06,1.8195575155966903e-06,1.976502321729042e-06
SK,Onwind,2.036423188901441e-06,3.4648675988253862e-06,5.021739018239343e-06,7.01319337995273e-06,1.836357967134946e-05
SK,Solar,1.423244647691394,4.260838181457258,11.60321112303298,11.60322525529103,11.603226662885016
